order_id,customer_id,order_status,order_date,required_date,shipped_date,store_id,staff_id
Ord1,1990259,4,1/1/2016,3/1/2016,3/1/2016,ST1,3032
Ord10,1990442,4,5/1/2016,6/1/2016,6/1/2016,ST2,3036
Ord100,19901237,4,1/3/2016,4/3/2016,3/3/2016,ST2,3037
Ord1000,1990645,4,12/7/2017,14/7/2017,15/7/2017,ST2,3037
Ord1001,1990354,4,13/7/2017,16/7/2017,15/7/2017,ST2,3036
Ord1002,19901418,4,14/7/2017,16/7/2017,16/7/2017,ST1,3033
Ord1003,1990503,4,14/7/2017,16/7/2017,16/7/2017,ST2,3037
Ord1004,19901389,4,14/7/2017,17/7/2017,16/7/2017,ST2,3036
Ord1005,1990266,4,15/7/2017,17/7/2017,16/7/2017,ST2,3037
Ord1006,19901070,4,15/7/2017,18/7/2017,17/7/2017,ST2,3037
Ord1007,19901115,4,16/7/2017,17/7/2017,17/7/2017,ST2,3036
Ord1008,19901345,4,16/7/2017,18/7/2017,18/7/2017,ST2,3036
Ord1009,19901064,4,16/7/2017,19/7/2017,19/7/2017,ST3,3038
Ord101,1990271,4,1/3/2016,4/3/2016,4/3/2016,ST3,3038
Ord1010,19908,3,18/7/2017,18/7/2017,NULL,ST2,3037
Ord1011,1990495,4,18/7/2017,21/7/2017,21/7/2017,ST1,3033
Ord1012,1990620,4,18/7/2017,20/7/2017,20/7/2017,ST2,3037
Ord1013,1990174,4,19/7/2017,22/7/2017,21/7/2017,ST2,3036
Ord1014,1990748,4,19/7/2017,21/7/2017,21/7/2017,ST2,3036
Ord1015,1990799,4,19/7/2017,22/7/2017,21/7/2017,ST2,3037
Ord1016,19901417,4,19/7/2017,20/7/2017,21/7/2017,ST3,3039
Ord1017,1990168,4,20/7/2017,21/7/2017,23/7/2017,ST2,3036
Ord1018,1990290,4,22/7/2017,23/7/2017,23/7/2017,ST2,3036
Ord1019,1990408,4,22/7/2017,23/7/2017,24/7/2017,ST2,3037
Ord102,1990336,4,2/3/2016,5/3/2016,3/3/2016,ST2,3037
Ord1020,199016,3,23/7/2017,23/7/2017,NULL,ST2,3036
Ord1021,1990125,4,23/7/2017,24/7/2017,26/7/2017,ST2,3036
Ord1022,1990353,4,23/7/2017,26/7/2017,24/7/2017,ST2,3037
Ord1023,1990356,4,23/7/2017,26/7/2017,25/7/2017,ST2,3036
Ord1024,1990837,4,23/7/2017,25/7/2017,26/7/2017,ST2,3037
Ord1025,19901304,4,23/7/2017,26/7/2017,26/7/2017,ST2,3036
Ord1026,19901370,4,26/7/2017,28/7/2017,29/7/2017,ST1,3032
Ord1027,1990588,4,26/7/2017,28/7/2017,28/7/2017,ST2,3036
Ord1028,19901273,4,27/7/2017,28/7/2017,30/7/2017,ST2,3037
Ord1029,1990407,4,29/7/2017,30/7/2017,1/8/2017,ST1,3033
Ord103,1990991,4,3/3/2016,6/3/2016,5/3/2016,ST1,3032
Ord1030,1990161,4,29/7/2017,30/7/2017,31/7/2017,ST2,3036
Ord1031,19901308,4,30/7/2017,1/8/2017,2/8/2017,ST1,3032
Ord1032,1990429,4,30/7/2017,2/8/2017,1/8/2017,ST2,3036
Ord1033,1990582,4,30/7/2017,31/7/2017,2/8/2017,ST2,3037
Ord1034,1990895,4,30/7/2017,31/7/2017,31/7/2017,ST2,3037
Ord1035,19901283,4,30/7/2017,2/8/2017,2/8/2017,ST2,3036
Ord1036,19901442,4,30/7/2017,1/8/2017,31/7/2017,ST2,3036
Ord1037,19901229,4,31/7/2017,2/8/2017,3/8/2017,ST2,3036
Ord1038,19901281,4,31/7/2017,1/8/2017,3/8/2017,ST2,3037
Ord1039,19901077,4,2/8/2017,4/8/2017,3/8/2017,ST2,3037
Ord104,19907,4,3/3/2016,5/3/2016,5/3/2016,ST2,3037
Ord1040,19901225,4,4/8/2017,7/8/2017,5/8/2017,ST1,3032
Ord1041,199070,4,4/8/2017,6/8/2017,5/8/2017,ST2,3037
Ord1042,1990539,4,6/8/2017,7/8/2017,7/8/2017,ST2,3037
Ord1043,19901235,4,6/8/2017,9/8/2017,8/8/2017,ST2,3036
Ord1044,19901270,4,7/8/2017,10/8/2017,8/8/2017,ST2,3037
Ord1045,1990185,4,7/8/2017,9/8/2017,10/8/2017,ST3,3039
Ord1046,19901134,4,7/8/2017,9/8/2017,8/8/2017,ST3,3038
Ord1047,1990116,3,8/8/2017,8/8/2017,NULL,ST3,3038
Ord1048,1990777,4,8/8/2017,10/8/2017,9/8/2017,ST2,3037
Ord1049,1990194,4,9/8/2017,11/8/2017,10/8/2017,ST1,3032
Ord105,1990306,4,3/3/2016,5/3/2016,4/3/2016,ST2,3037
Ord1050,1990239,4,9/8/2017,12/8/2017,12/8/2017,ST1,3033
Ord1051,1990209,4,10/8/2017,11/8/2017,11/8/2017,ST2,3037
Ord1052,1990460,4,10/8/2017,12/8/2017,13/8/2017,ST2,3036
Ord1053,19901439,4,10/8/2017,11/8/2017,12/8/2017,ST2,3036
Ord1054,1990189,4,11/8/2017,12/8/2017,12/8/2017,ST2,3037
Ord1055,1990140,4,12/8/2017,15/8/2017,15/8/2017,ST2,3036
Ord1056,1990325,4,12/8/2017,15/8/2017,13/8/2017,ST2,3037
Ord1057,1990456,4,12/8/2017,15/8/2017,13/8/2017,ST2,3037
Ord1058,1990782,4,13/8/2017,16/8/2017,14/8/2017,ST2,3036
Ord1059,19906,4,14/8/2017,17/8/2017,17/8/2017,ST2,3037
Ord106,1990422,4,4/3/2016,5/3/2016,5/3/2016,ST3,3039
Ord1060,1990182,4,15/8/2017,18/8/2017,17/8/2017,ST2,3036
Ord1061,1990655,4,15/8/2017,18/8/2017,18/8/2017,ST2,3037
Ord1062,19901210,4,15/8/2017,17/8/2017,18/8/2017,ST2,3036
Ord1063,1990198,4,16/8/2017,19/8/2017,19/8/2017,ST3,3038
Ord1064,1990898,4,16/8/2017,18/8/2017,19/8/2017,ST3,3039
Ord1065,199025,4,17/8/2017,19/8/2017,19/8/2017,ST2,3037
Ord1066,1990106,4,17/8/2017,20/8/2017,19/8/2017,ST2,3037
Ord1067,1990225,4,17/8/2017,19/8/2017,19/8/2017,ST2,3037
Ord1068,1990453,4,17/8/2017,20/8/2017,19/8/2017,ST2,3037
Ord1069,1990493,4,17/8/2017,19/8/2017,18/8/2017,ST2,3036
Ord107,1990633,4,6/3/2016,9/3/2016,9/3/2016,ST1,3032
Ord1070,1990596,4,17/8/2017,20/8/2017,18/8/2017,ST2,3037
Ord1071,1990602,4,17/8/2017,20/8/2017,18/8/2017,ST3,3038
Ord1072,199047,3,18/8/2017,18/8/2017,NULL,ST1,3033
Ord1073,1990911,4,18/8/2017,19/8/2017,21/8/2017,ST2,3037
Ord1074,199011,3,19/8/2017,19/8/2017,NULL,ST2,3036
Ord1075,19901003,4,19/8/2017,21/8/2017,22/8/2017,ST1,3033
Ord1076,199042,4,19/8/2017,22/8/2017,22/8/2017,ST2,3036
Ord1077,1990412,4,19/8/2017,20/8/2017,21/8/2017,ST2,3036
Ord1078,1990793,4,19/8/2017,21/8/2017,20/8/2017,ST2,3036
Ord1079,1990812,4,19/8/2017,20/8/2017,20/8/2017,ST2,3037
Ord108,199012,4,6/3/2016,9/3/2016,7/3/2016,ST2,3036
Ord1080,19901086,4,19/8/2017,20/8/2017,20/8/2017,ST2,3037
Ord1081,19901106,4,19/8/2017,22/8/2017,22/8/2017,ST2,3036
Ord1082,19901327,4,20/8/2017,22/8/2017,21/8/2017,ST2,3036
Ord1083,19901372,4,20/8/2017,23/8/2017,23/8/2017,ST2,3036
Ord1084,19902,4,21/8/2017,24/8/2017,23/8/2017,ST1,3032
Ord1085,1990305,4,21/8/2017,23/8/2017,23/8/2017,ST1,3033
Ord1086,1990220,4,21/8/2017,23/8/2017,24/8/2017,ST2,3037
Ord1087,1990675,4,22/8/2017,23/8/2017,25/8/2017,ST3,3038
Ord1088,19901160,4,22/8/2017,23/8/2017,23/8/2017,ST3,3038
Ord1089,199046,3,23/8/2017,23/8/2017,NULL,ST1,3032
Ord109,19901255,4,6/3/2016,9/3/2016,9/3/2016,ST2,3036
Ord1090,19901427,4,24/8/2017,26/8/2017,26/8/2017,ST1,3032
Ord1091,19901260,4,24/8/2017,25/8/2017,25/8/2017,ST2,3037
Ord1092,199040,4,25/8/2017,28/8/2017,27/8/2017,ST1,3032
Ord1093,1990326,4,25/8/2017,28/8/2017,26/8/2017,ST1,3033
Ord1094,1990828,4,25/8/2017,27/8/2017,28/8/2017,ST2,3036
Ord1095,19901382,4,26/8/2017,28/8/2017,27/8/2017,ST3,3039
Ord1096,1990589,4,27/8/2017,29/8/2017,29/8/2017,ST1,3032
Ord1097,19901311,4,27/8/2017,30/8/2017,28/8/2017,ST2,3036
Ord1098,1990752,4,28/8/2017,30/8/2017,30/8/2017,ST1,3032
Ord1099,19901128,4,28/8/2017,29/8/2017,30/8/2017,ST2,3036
Ord11,19901326,4,5/1/2016,8/1/2016,7/1/2016,ST2,3037
Ord110,1990677,4,6/3/2016,8/3/2016,9/3/2016,ST3,3039
Ord1100,19901392,4,28/8/2017,29/8/2017,29/8/2017,ST2,3037
Ord1101,1990379,4,29/8/2017,30/8/2017,30/8/2017,ST2,3037
Ord1102,19901317,4,29/8/2017,31/8/2017,31/8/2017,ST2,3036
Ord1103,19901394,4,31/8/2017,2/9/2017,2/9/2017,ST2,3037
Ord1104,1990268,4,1/9/2017,4/9/2017,3/9/2017,ST2,3036
Ord1105,1990747,4,1/9/2017,4/9/2017,3/9/2017,ST3,3038
Ord1106,19901009,4,2/9/2017,4/9/2017,4/9/2017,ST2,3036
Ord1107,19901424,4,2/9/2017,5/9/2017,5/9/2017,ST2,3037
Ord1108,1990735,4,3/9/2017,5/9/2017,4/9/2017,ST1,3033
Ord1109,199023,4,3/9/2017,4/9/2017,4/9/2017,ST2,3036
Ord111,1990630,4,7/3/2016,10/3/2016,10/3/2016,ST2,3036
Ord1110,1990912,4,4/9/2017,7/9/2017,7/9/2017,ST2,3036
Ord1111,1990930,4,4/9/2017,6/9/2017,5/9/2017,ST2,3036
Ord1112,1990798,4,5/9/2017,8/9/2017,7/9/2017,ST2,3037
Ord1113,1990388,4,6/9/2017,8/9/2017,7/9/2017,ST2,3037
Ord1114,19901036,4,6/9/2017,8/9/2017,8/9/2017,ST2,3036
Ord1115,19901100,4,7/9/2017,9/9/2017,9/9/2017,ST2,3036
Ord1116,199052,4,8/9/2017,10/9/2017,10/9/2017,ST2,3037
Ord1117,1990334,4,8/9/2017,10/9/2017,10/9/2017,ST2,3036
Ord1118,19901023,4,8/9/2017,11/9/2017,11/9/2017,ST2,3036
Ord1119,1990749,4,10/9/2017,12/9/2017,13/9/2017,ST1,3032
Ord112,1990469,4,8/3/2016,11/3/2016,10/3/2016,ST2,3036
Ord1120,19901269,4,10/9/2017,12/9/2017,13/9/2017,ST2,3037
Ord1121,1990143,4,11/9/2017,13/9/2017,12/9/2017,ST2,3037
Ord1122,19901132,4,12/9/2017,14/9/2017,14/9/2017,ST2,3036
Ord1123,1990598,4,13/9/2017,14/9/2017,14/9/2017,ST2,3037
Ord1124,1990275,4,13/9/2017,14/9/2017,16/9/2017,ST3,3039
Ord1125,1990945,4,14/9/2017,15/9/2017,15/9/2017,ST2,3037
Ord1126,19901213,4,14/9/2017,16/9/2017,15/9/2017,ST3,3038
Ord1127,1990494,4,15/9/2017,16/9/2017,16/9/2017,ST2,3037
Ord1128,1990936,4,15/9/2017,17/9/2017,16/9/2017,ST2,3036
Ord1129,1990663,4,17/9/2017,18/9/2017,20/9/2017,ST2,3036
Ord113,19901078,4,8/3/2016,11/3/2016,11/3/2016,ST2,3036
Ord1130,199069,4,18/9/2017,20/9/2017,20/9/2017,ST1,3033
Ord1131,19901178,4,18/9/2017,20/9/2017,19/9/2017,ST1,3033
Ord1132,1990351,4,19/9/2017,20/9/2017,20/9/2017,ST2,3036
Ord1133,1990517,4,19/9/2017,21/9/2017,21/9/2017,ST2,3037
Ord1134,1990978,4,19/9/2017,22/9/2017,20/9/2017,ST2,3036
Ord1135,19901347,4,19/9/2017,21/9/2017,20/9/2017,ST2,3036
Ord1136,19901050,4,20/9/2017,21/9/2017,21/9/2017,ST2,3036
Ord1137,1990810,4,20/9/2017,23/9/2017,23/9/2017,ST3,3038
Ord1138,1990254,4,21/9/2017,23/9/2017,22/9/2017,ST1,3032
Ord1139,19901006,4,21/9/2017,22/9/2017,23/9/2017,ST1,3032
Ord114,19901431,4,8/3/2016,10/3/2016,11/3/2016,ST2,3037
Ord1140,19901063,4,21/9/2017,22/9/2017,22/9/2017,ST3,3038
Ord1141,19901076,4,22/9/2017,23/9/2017,24/9/2017,ST1,3032
Ord1142,1990554,4,23/9/2017,26/9/2017,26/9/2017,ST1,3033
Ord1143,19901087,4,24/9/2017,26/9/2017,27/9/2017,ST1,3032
Ord1144,19901414,4,24/9/2017,27/9/2017,27/9/2017,ST2,3037
Ord1145,1990617,4,25/9/2017,27/9/2017,26/9/2017,ST2,3036
Ord1146,1990757,4,25/9/2017,26/9/2017,28/9/2017,ST2,3037
Ord1147,19901344,4,25/9/2017,26/9/2017,27/9/2017,ST2,3036
Ord1148,19901379,4,25/9/2017,26/9/2017,27/9/2017,ST2,3037
Ord1149,1990787,4,27/9/2017,30/9/2017,30/9/2017,ST2,3037
Ord115,19901369,4,9/3/2016,11/3/2016,11/3/2016,ST2,3037
Ord1150,19901183,4,28/9/2017,1/10/2017,30/9/2017,ST2,3037
Ord1151,1990708,4,29/9/2017,30/9/2017,30/9/2017,ST1,3033
Ord1152,19901244,4,29/9/2017,2/10/2017,1/10/2017,ST2,3036
Ord1153,1990720,4,30/9/2017,3/10/2017,3/10/2017,ST2,3037
Ord1154,1990789,4,30/9/2017,3/10/2017,3/10/2017,ST2,3037
Ord1155,1990865,4,30/9/2017,1/10/2017,1/10/2017,ST2,3037
Ord1156,1990869,4,30/9/2017,3/10/2017,3/10/2017,ST2,3037
Ord1157,199024,4,1/10/2017,3/10/2017,4/10/2017,ST1,3033
Ord1158,1990889,4,1/10/2017,3/10/2017,2/10/2017,ST1,3032
Ord1159,19901221,4,1/10/2017,2/10/2017,3/10/2017,ST1,3033
Ord116,1990471,4,10/3/2016,11/3/2016,11/3/2016,ST2,3037
Ord1160,19901262,4,1/10/2017,2/10/2017,4/10/2017,ST1,3032
Ord1161,199041,4,1/10/2017,4/10/2017,2/10/2017,ST2,3037
Ord1162,1990888,4,1/10/2017,3/10/2017,3/10/2017,ST2,3036
Ord1163,1990934,4,1/10/2017,2/10/2017,2/10/2017,ST2,3036
Ord1164,19901067,4,1/10/2017,2/10/2017,3/10/2017,ST2,3036
Ord1165,1990652,4,2/10/2017,3/10/2017,5/10/2017,ST2,3037
Ord1166,1990286,4,3/10/2017,4/10/2017,4/10/2017,ST2,3037
Ord1167,1990900,4,4/10/2017,7/10/2017,6/10/2017,ST1,3032
Ord1168,19901031,4,4/10/2017,5/10/2017,6/10/2017,ST2,3036
Ord1169,19901421,4,4/10/2017,6/10/2017,7/10/2017,ST2,3037
Ord117,1990740,4,10/3/2016,13/3/2016,11/3/2016,ST2,3036
Ord1170,1990534,4,5/10/2017,7/10/2017,6/10/2017,ST2,3036
Ord1171,1990826,4,5/10/2017,6/10/2017,8/10/2017,ST2,3036
Ord1172,19901339,4,7/10/2017,10/10/2017,9/10/2017,ST2,3037
Ord1173,1990548,4,8/10/2017,10/10/2017,9/10/2017,ST2,3037
Ord1174,19901109,4,8/10/2017,10/10/2017,11/10/2017,ST2,3036
Ord1175,1990292,4,9/10/2017,11/10/2017,12/10/2017,ST2,3036
Ord1176,19901111,4,10/10/2017,13/10/2017,11/10/2017,ST3,3039
Ord1177,199021,3,12/10/2017,12/10/2017,NULL,ST3,3039
Ord1178,1990771,4,12/10/2017,15/10/2017,13/10/2017,ST2,3036
Ord1179,19901150,4,12/10/2017,15/10/2017,15/10/2017,ST3,3039
Ord118,1990577,4,12/3/2016,14/3/2016,13/3/2016,ST1,3032
Ord1180,19901065,4,13/10/2017,16/10/2017,16/10/2017,ST1,3033
Ord1181,19901022,4,13/10/2017,16/10/2017,15/10/2017,ST2,3037
Ord1182,19901422,4,13/10/2017,14/10/2017,16/10/2017,ST2,3037
Ord1183,1990216,4,14/10/2017,17/10/2017,17/10/2017,ST2,3036
Ord1184,1990369,4,14/10/2017,15/10/2017,16/10/2017,ST2,3036
Ord1185,1990960,4,14/10/2017,16/10/2017,17/10/2017,ST2,3036
Ord1186,19901120,4,14/10/2017,16/10/2017,15/10/2017,ST2,3036
Ord1187,1990486,4,15/10/2017,18/10/2017,16/10/2017,ST2,3036
Ord1188,1990647,4,15/10/2017,18/10/2017,17/10/2017,ST2,3037
Ord1189,19901090,4,15/10/2017,17/10/2017,18/10/2017,ST2,3036
Ord119,1990925,4,12/3/2016,14/3/2016,14/3/2016,ST2,3037
Ord1190,199034,4,16/10/2017,19/10/2017,17/10/2017,ST2,3036
Ord1191,1990186,4,17/10/2017,18/10/2017,18/10/2017,ST2,3036
Ord1192,19901114,4,17/10/2017,19/10/2017,18/10/2017,ST2,3036
Ord1193,19901412,4,17/10/2017,19/10/2017,19/10/2017,ST2,3037
Ord1194,1990192,4,19/10/2017,22/10/2017,22/10/2017,ST1,3032
Ord1195,1990229,4,19/10/2017,21/10/2017,21/10/2017,ST2,3037
Ord1196,1990508,4,19/10/2017,21/10/2017,20/10/2017,ST2,3036
Ord1197,1990269,4,21/10/2017,23/10/2017,23/10/2017,ST2,3036
Ord1198,19901289,4,22/10/2017,24/10/2017,24/10/2017,ST2,3037
Ord1199,1990318,4,23/10/2017,24/10/2017,26/10/2017,ST1,3032
Ord12,199091,4,6/1/2016,8/1/2016,9/1/2016,ST1,3032
Ord120,1990327,4,14/3/2016,15/3/2016,17/3/2016,ST2,3037
Ord1200,199048,4,23/10/2017,25/10/2017,26/10/2017,ST2,3036
Ord1201,1990201,4,23/10/2017,24/10/2017,24/10/2017,ST2,3036
Ord1202,1990593,4,24/10/2017,25/10/2017,25/10/2017,ST2,3036
Ord1203,19901191,4,25/10/2017,27/10/2017,26/10/2017,ST2,3037
Ord1204,19901277,4,25/10/2017,28/10/2017,28/10/2017,ST2,3036
Ord1205,19901091,4,26/10/2017,28/10/2017,28/10/2017,ST1,3032
Ord1206,1990222,4,26/10/2017,29/10/2017,29/10/2017,ST2,3036
Ord1207,19901002,4,26/10/2017,28/10/2017,27/10/2017,ST2,3036
Ord1208,19901226,4,26/10/2017,28/10/2017,27/10/2017,ST2,3037
Ord1209,19901342,4,26/10/2017,27/10/2017,29/10/2017,ST2,3037
Ord121,1990755,4,14/3/2016,15/3/2016,16/3/2016,ST2,3036
Ord1210,1990730,4,26/10/2017,27/10/2017,29/10/2017,ST3,3038
Ord1211,199019,4,27/10/2017,28/10/2017,29/10/2017,ST2,3037
Ord1212,1990213,4,27/10/2017,30/10/2017,29/10/2017,ST2,3036
Ord1213,1990669,4,27/10/2017,29/10/2017,29/10/2017,ST3,3039
Ord1214,1990783,4,28/10/2017,29/10/2017,29/10/2017,ST2,3036
Ord1215,1990807,4,28/10/2017,31/10/2017,30/10/2017,ST2,3037
Ord1216,1990886,4,28/10/2017,30/10/2017,29/10/2017,ST2,3037
Ord1217,19901155,4,28/10/2017,31/10/2017,30/10/2017,ST2,3037
Ord1218,19901017,4,30/10/2017,1/11/2017,31/10/2017,ST1,3032
Ord1219,1990840,4,30/10/2017,2/11/2017,2/11/2017,ST2,3037
Ord122,1990786,4,14/3/2016,16/3/2016,15/3/2016,ST2,3036
Ord1220,1990803,4,31/10/2017,3/11/2017,3/11/2017,ST2,3036
Ord1221,19901290,4,31/10/2017,2/11/2017,1/11/2017,ST2,3037
Ord1222,1990482,4,1/11/2017,4/11/2017,3/11/2017,ST3,3039
Ord1223,19901207,4,2/11/2017,3/11/2017,3/11/2017,ST2,3036
Ord1224,1990544,4,3/11/2017,4/11/2017,4/11/2017,ST2,3036
Ord1225,1990768,4,4/11/2017,5/11/2017,7/11/2017,ST1,3032
Ord1226,1990226,4,4/11/2017,7/11/2017,6/11/2017,ST2,3037
Ord1227,1990702,4,4/11/2017,7/11/2017,6/11/2017,ST2,3036
Ord1228,19901041,4,4/11/2017,6/11/2017,6/11/2017,ST2,3036
Ord1229,199089,4,5/11/2017,8/11/2017,6/11/2017,ST1,3033
Ord123,1990766,4,15/3/2016,18/3/2016,17/3/2016,ST2,3036
Ord1230,19901107,4,5/11/2017,6/11/2017,7/11/2017,ST2,3036
Ord1231,19901180,4,5/11/2017,7/11/2017,6/11/2017,ST2,3036
Ord1232,1990665,4,6/11/2017,7/11/2017,9/11/2017,ST1,3033
Ord1233,1990462,4,6/11/2017,7/11/2017,8/11/2017,ST2,3036
Ord1234,199019,3,7/11/2017,7/11/2017,NULL,ST2,3036
Ord1235,1990210,4,7/11/2017,8/11/2017,9/11/2017,ST2,3036
Ord1236,1990243,4,8/11/2017,11/11/2017,9/11/2017,ST2,3037
Ord1237,1990571,4,9/11/2017,12/11/2017,11/11/2017,ST1,3032
Ord1238,1990998,4,9/11/2017,10/11/2017,11/11/2017,ST2,3036
Ord1239,19901197,4,9/11/2017,10/11/2017,11/11/2017,ST2,3037
Ord124,1990403,4,16/3/2016,18/3/2016,17/3/2016,ST1,3033
Ord1240,1990903,4,10/11/2017,11/11/2017,11/11/2017,ST2,3037
Ord1241,19901170,4,10/11/2017,12/11/2017,11/11/2017,ST2,3037
Ord1242,1990303,4,11/11/2017,12/11/2017,12/11/2017,ST2,3036
Ord1243,1990346,4,11/11/2017,13/11/2017,14/11/2017,ST2,3036
Ord1244,1990333,4,12/11/2017,14/11/2017,13/11/2017,ST2,3036
Ord1245,19901166,4,13/11/2017,16/11/2017,14/11/2017,ST2,3037
Ord1246,19901329,4,13/11/2017,16/11/2017,16/11/2017,ST2,3037
Ord1247,1990426,4,16/11/2017,18/11/2017,17/11/2017,ST1,3032
Ord1248,19901367,4,16/11/2017,17/11/2017,18/11/2017,ST1,3033
Ord1249,1990545,4,17/11/2017,18/11/2017,20/11/2017,ST2,3036
Ord125,1990685,4,16/3/2016,19/3/2016,17/3/2016,ST2,3036
Ord1250,19901188,4,17/11/2017,19/11/2017,18/11/2017,ST2,3036
Ord1251,1990289,4,17/11/2017,19/11/2017,19/11/2017,ST3,3039
Ord1252,1990110,4,18/11/2017,20/11/2017,21/11/2017,ST1,3033
Ord1253,199044,4,18/11/2017,21/11/2017,21/11/2017,ST2,3036
Ord1254,19901098,4,18/11/2017,19/11/2017,19/11/2017,ST2,3037
Ord1255,1990375,4,19/11/2017,20/11/2017,21/11/2017,ST2,3036
Ord1256,1990458,4,19/11/2017,20/11/2017,22/11/2017,ST2,3036
Ord1257,19901136,4,19/11/2017,22/11/2017,20/11/2017,ST2,3037
Ord1258,19901099,4,20/11/2017,21/11/2017,22/11/2017,ST2,3037
Ord1259,19904,3,21/11/2017,21/11/2017,NULL,ST2,3037
Ord126,19901365,4,16/3/2016,18/3/2016,18/3/2016,ST2,3037
Ord1260,19901117,4,22/11/2017,23/11/2017,24/11/2017,ST2,3036
Ord1261,1990435,4,23/11/2017,25/11/2017,24/11/2017,ST2,3037
Ord1262,1990509,4,23/11/2017,26/11/2017,26/11/2017,ST2,3036
Ord1263,19901408,4,23/11/2017,26/11/2017,26/11/2017,ST2,3036
Ord1264,1990113,4,24/11/2017,27/11/2017,25/11/2017,ST2,3036
Ord1265,1990950,4,24/11/2017,27/11/2017,27/11/2017,ST2,3037
Ord1266,1990387,4,25/11/2017,28/11/2017,27/11/2017,ST2,3036
Ord1267,1990467,4,25/11/2017,26/11/2017,26/11/2017,ST2,3036
Ord1268,1990774,4,26/11/2017,28/11/2017,29/11/2017,ST1,3033
Ord1269,19901236,4,26/11/2017,29/11/2017,29/11/2017,ST2,3036
Ord127,1990484,4,17/3/2016,18/3/2016,19/3/2016,ST3,3038
Ord1270,19901388,4,26/11/2017,29/11/2017,29/11/2017,ST2,3036
Ord1271,1990734,4,27/11/2017,30/11/2017,30/11/2017,ST2,3036
Ord1272,1990935,4,27/11/2017,29/11/2017,30/11/2017,ST2,3036
Ord1273,19901268,4,27/11/2017,29/11/2017,29/11/2017,ST2,3036
Ord1274,19901364,4,28/11/2017,29/11/2017,1/12/2017,ST2,3037
Ord1275,1990165,4,29/11/2017,1/12/2017,30/11/2017,ST1,3032
Ord1276,1990893,4,30/11/2017,3/12/2017,2/12/2017,ST2,3036
Ord1277,1990227,4,1/12/2017,4/12/2017,2/12/2017,ST2,3036
Ord1278,1990980,4,1/12/2017,2/12/2017,4/12/2017,ST2,3037
Ord1279,19901014,4,1/12/2017,4/12/2017,3/12/2017,ST2,3036
Ord128,199086,4,18/3/2016,20/3/2016,21/3/2016,ST2,3036
Ord1280,1990123,4,1/12/2017,3/12/2017,3/12/2017,ST3,3039
Ord1281,19901060,4,2/12/2017,5/12/2017,5/12/2017,ST2,3036
Ord1282,1990320,4,3/12/2017,5/12/2017,5/12/2017,ST2,3036
Ord1283,199085,4,4/12/2017,7/12/2017,7/12/2017,ST2,3037
Ord1284,1990128,4,4/12/2017,6/12/2017,7/12/2017,ST2,3037
Ord1285,1990262,4,4/12/2017,7/12/2017,7/12/2017,ST2,3037
Ord1286,19901033,4,4/12/2017,7/12/2017,6/12/2017,ST2,3037
Ord1287,1990279,4,7/12/2017,10/12/2017,9/12/2017,ST1,3033
Ord1288,1990778,4,7/12/2017,10/12/2017,9/12/2017,ST3,3039
Ord1289,19901292,4,8/12/2017,11/12/2017,10/12/2017,ST1,3033
Ord129,199084,4,19/3/2016,21/3/2016,21/3/2016,ST2,3037
Ord1290,1990967,4,8/12/2017,10/12/2017,10/12/2017,ST2,3036
Ord1291,19901284,4,9/12/2017,11/12/2017,12/12/2017,ST2,3036
Ord1292,1990285,4,10/12/2017,13/12/2017,11/12/2017,ST2,3036
Ord1293,19901401,4,10/12/2017,12/12/2017,11/12/2017,ST2,3037
Ord1294,1990947,4,11/12/2017,13/12/2017,14/12/2017,ST1,3032
Ord1295,199037,4,11/12/2017,12/12/2017,14/12/2017,ST2,3037
Ord1296,1990231,4,14/12/2017,17/12/2017,15/12/2017,ST1,3033
Ord1297,1990108,4,14/12/2017,17/12/2017,16/12/2017,ST2,3036
Ord1298,1990533,4,14/12/2017,17/12/2017,16/12/2017,ST3,3039
Ord1299,19901216,4,15/12/2017,18/12/2017,16/12/2017,ST1,3032
Ord13,1990873,4,8/1/2016,11/1/2016,11/1/2016,ST2,3036
Ord130,19901049,4,19/3/2016,22/3/2016,20/3/2016,ST2,3036
Ord1300,1990824,4,15/12/2017,17/12/2017,17/12/2017,ST2,3036
Ord1301,19901088,4,16/12/2017,19/12/2017,19/12/2017,ST1,3033
Ord1302,1990322,4,16/12/2017,18/12/2017,19/12/2017,ST2,3037
Ord1303,1990878,4,16/12/2017,19/12/2017,18/12/2017,ST2,3037
Ord1304,19901409,4,16/12/2017,17/12/2017,17/12/2017,ST2,3036
Ord1305,1990257,4,17/12/2017,19/12/2017,18/12/2017,ST2,3037
Ord1306,199028,4,20/12/2017,21/12/2017,22/12/2017,ST2,3036
Ord1307,19901384,4,22/12/2017,23/12/2017,25/12/2017,ST1,3032
Ord1308,1990713,4,22/12/2017,24/12/2017,24/12/2017,ST2,3037
Ord1309,1990821,4,22/12/2017,25/12/2017,24/12/2017,ST2,3036
Ord131,1990316,4,19/3/2016,22/3/2016,20/3/2016,ST3,3038
Ord1310,1990444,4,24/12/2017,25/12/2017,26/12/2017,ST1,3033
Ord1311,19901021,4,24/12/2017,26/12/2017,27/12/2017,ST2,3036
Ord1312,1990311,4,25/12/2017,28/12/2017,26/12/2017,ST1,3033
Ord1313,19901294,4,25/12/2017,27/12/2017,27/12/2017,ST1,3033
Ord1314,19901027,4,25/12/2017,26/12/2017,28/12/2017,ST2,3037
Ord1315,1990931,4,25/12/2017,27/12/2017,28/12/2017,ST3,3039
Ord1316,1990846,4,26/12/2017,29/12/2017,27/12/2017,ST1,3033
Ord1317,1990418,4,27/12/2017,28/12/2017,29/12/2017,ST1,3033
Ord1318,199075,4,27/12/2017,30/12/2017,29/12/2017,ST2,3036
Ord1319,1990604,4,27/12/2017,30/12/2017,30/12/2017,ST2,3036
Ord132,199046,4,20/3/2016,22/3/2016,23/3/2016,ST1,3033
Ord1320,1990244,4,28/12/2017,30/12/2017,29/12/2017,ST1,3033
Ord1321,1990217,4,30/12/2017,31/12/2017,31/12/2017,ST1,3033
Ord1322,199039,4,31/12/2017,3/1/2018,2/1/2018,ST2,3037
Ord1323,1990273,4,31/12/2017,1/1/2018,1/1/2018,ST2,3036
Ord1324,1990862,4,1/1/2018,4/1/2018,3/1/2018,ST2,3036
Ord1325,199068,4,1/1/2018,2/1/2018,3/1/2018,ST3,3038
Ord1326,1990567,4,1/1/2018,3/1/2018,2/1/2018,ST3,3039
Ord1327,19901026,4,2/1/2018,3/1/2018,5/1/2018,ST2,3036
Ord1328,19901083,4,2/1/2018,3/1/2018,3/1/2018,ST2,3036
Ord1329,1990443,4,4/1/2018,5/1/2018,6/1/2018,ST1,3033
Ord133,1990409,4,20/3/2016,22/3/2016,21/3/2016,ST2,3037
Ord1330,1990761,4,4/1/2018,5/1/2018,7/1/2018,ST2,3037
Ord1331,19901122,4,5/1/2018,6/1/2018,8/1/2018,ST2,3036
Ord1332,1990256,4,6/1/2018,7/1/2018,9/1/2018,ST2,3037
Ord1333,1990203,4,6/1/2018,7/1/2018,7/1/2018,ST3,3038
Ord1334,1990425,4,7/1/2018,9/1/2018,10/1/2018,ST2,3036
Ord1335,1990955,4,7/1/2018,8/1/2018,8/1/2018,ST2,3037
Ord1336,1990904,4,9/1/2018,10/1/2018,12/1/2018,ST1,3032
Ord1337,1990970,4,9/1/2018,12/1/2018,12/1/2018,ST2,3037
Ord1338,1990905,4,10/1/2018,11/1/2018,13/1/2018,ST2,3036
Ord1339,1990580,4,11/1/2018,14/1/2018,13/1/2018,ST1,3033
Ord134,1990679,4,20/3/2016,21/3/2016,21/3/2016,ST2,3037
Ord1340,19901066,4,12/1/2018,13/1/2018,13/1/2018,ST1,3033
Ord1341,19901258,4,12/1/2018,13/1/2018,14/1/2018,ST2,3037
Ord1342,19901393,4,12/1/2018,13/1/2018,15/1/2018,ST2,3037
Ord1343,1990594,4,13/1/2018,15/1/2018,14/1/2018,ST2,3036
Ord1344,1990916,4,13/1/2018,16/1/2018,15/1/2018,ST2,3036
Ord1345,19901037,4,14/1/2018,15/1/2018,15/1/2018,ST2,3036
Ord1346,1990136,4,14/1/2018,15/1/2018,15/1/2018,ST3,3038
Ord1347,1990247,4,15/1/2018,18/1/2018,18/1/2018,ST1,3032
Ord1348,19901214,4,15/1/2018,17/1/2018,17/1/2018,ST1,3032
Ord1349,1990464,4,15/1/2018,17/1/2018,16/1/2018,ST2,3036
Ord135,19901354,4,21/3/2016,23/3/2016,23/3/2016,ST2,3037
Ord1350,1990637,4,15/1/2018,18/1/2018,17/1/2018,ST2,3037
Ord1351,19901016,4,16/1/2018,19/1/2018,19/1/2018,ST2,3037
Ord1352,19901433,4,16/1/2018,18/1/2018,18/1/2018,ST2,3036
Ord1353,1990502,4,17/1/2018,19/1/2018,18/1/2018,ST2,3036
Ord1354,1990476,4,19/1/2018,20/1/2018,21/1/2018,ST1,3033
Ord1355,19901010,4,19/1/2018,21/1/2018,20/1/2018,ST2,3037
Ord1356,19901161,4,19/1/2018,21/1/2018,22/1/2018,ST2,3036
Ord1357,1990440,4,20/1/2018,23/1/2018,21/1/2018,ST2,3036
Ord1358,1990253,4,21/1/2018,23/1/2018,24/1/2018,ST1,3032
Ord1359,19901008,4,21/1/2018,22/1/2018,22/1/2018,ST3,3039
Ord136,19901192,4,21/3/2016,24/3/2016,23/3/2016,ST3,3038
Ord1360,199071,4,22/1/2018,25/1/2018,24/1/2018,ST2,3036
Ord1361,19901084,4,22/1/2018,24/1/2018,23/1/2018,ST2,3037
Ord1362,1990310,4,23/1/2018,24/1/2018,25/1/2018,ST2,3036
Ord1363,1990860,4,24/1/2018,25/1/2018,25/1/2018,ST2,3036
Ord1364,1990122,4,25/1/2018,28/1/2018,28/1/2018,ST2,3036
Ord1365,1990689,4,25/1/2018,28/1/2018,27/1/2018,ST2,3037
Ord1366,19901441,4,26/1/2018,27/1/2018,28/1/2018,ST2,3036
Ord1367,19901118,4,27/1/2018,28/1/2018,28/1/2018,ST1,3033
Ord1368,1990765,4,27/1/2018,28/1/2018,29/1/2018,ST2,3036
Ord1369,199092,4,28/1/2018,30/1/2018,30/1/2018,ST2,3036
Ord137,1990370,4,23/3/2016,26/3/2016,25/3/2016,ST2,3037
Ord1370,1990115,4,28/1/2018,29/1/2018,29/1/2018,ST2,3037
Ord1371,1990937,4,29/1/2018,30/1/2018,1/2/2018,ST2,3037
Ord1372,19901013,4,29/1/2018,1/2/2018,30/1/2018,ST2,3036
Ord1373,1990427,4,29/1/2018,31/1/2018,31/1/2018,ST3,3039
Ord1374,19901330,4,30/1/2018,1/2/2018,1/2/2018,ST1,3033
Ord1375,1990312,4,30/1/2018,1/2/2018,1/2/2018,ST3,3038
Ord1376,19901186,4,1/2/2018,2/2/2018,3/2/2018,ST1,3032
Ord1377,19901007,4,1/2/2018,3/2/2018,3/2/2018,ST2,3037
Ord1378,1990983,4,2/2/2018,5/2/2018,4/2/2018,ST1,3032
Ord1379,19901256,4,2/2/2018,5/2/2018,5/2/2018,ST2,3036
Ord138,1990438,4,23/3/2016,24/3/2016,25/3/2016,ST2,3037
Ord1380,1990818,4,5/2/2018,8/2/2018,8/2/2018,ST1,3033
Ord1381,1990680,4,5/2/2018,6/2/2018,8/2/2018,ST2,3037
Ord1382,19901303,4,6/2/2018,9/2/2018,8/2/2018,ST2,3036
Ord1383,1990488,4,7/2/2018,8/2/2018,8/2/2018,ST1,3033
Ord1384,19901126,4,8/2/2018,10/2/2018,9/2/2018,ST2,3037
Ord1385,1990866,4,8/2/2018,11/2/2018,9/2/2018,ST3,3039
Ord1386,19901254,4,9/2/2018,10/2/2018,11/2/2018,ST1,3032
Ord1387,199011,4,9/2/2018,11/2/2018,11/2/2018,ST2,3037
Ord1388,1990323,4,9/2/2018,12/2/2018,12/2/2018,ST2,3037
Ord1389,1990491,4,11/2/2018,12/2/2018,14/2/2018,ST2,3037
Ord139,1990710,4,23/3/2016,24/3/2016,26/3/2016,ST2,3037
Ord1390,199063,4,12/2/2018,13/2/2018,13/2/2018,ST2,3037
Ord1391,1990914,4,13/2/2018,14/2/2018,14/2/2018,ST2,3037
Ord1392,19901187,4,13/2/2018,14/2/2018,14/2/2018,ST2,3036
Ord1393,1990547,4,14/2/2018,15/2/2018,15/2/2018,ST2,3037
Ord1394,1990906,4,14/2/2018,16/2/2018,16/2/2018,ST3,3038
Ord1395,19901052,4,15/2/2018,18/2/2018,16/2/2018,ST1,3033
Ord1396,1990856,4,15/2/2018,18/2/2018,16/2/2018,ST2,3037
Ord1397,1990920,4,15/2/2018,17/2/2018,16/2/2018,ST2,3036
Ord1398,19901383,4,16/2/2018,19/2/2018,19/2/2018,ST1,3033
Ord1399,1990146,4,16/2/2018,18/2/2018,18/2/2018,ST2,3036
Ord14,1990258,4,9/1/2016,11/1/2016,12/1/2016,ST1,3033
Ord140,19901264,4,23/3/2016,26/3/2016,26/3/2016,ST2,3037
Ord1400,1990987,4,17/2/2018,18/2/2018,18/2/2018,ST2,3036
Ord1401,199015,4,18/2/2018,19/2/2018,20/2/2018,ST2,3037
Ord1402,19901171,4,19/2/2018,21/2/2018,21/2/2018,ST2,3036
Ord1403,1990452,4,21/2/2018,22/2/2018,22/2/2018,ST2,3037
Ord1404,19901240,4,23/2/2018,26/2/2018,24/2/2018,ST1,3033
Ord1405,1990100,4,25/2/2018,28/2/2018,27/2/2018,ST2,3036
Ord1406,19901053,4,25/2/2018,27/2/2018,27/2/2018,ST2,3037
Ord1407,199018,3,26/2/2018,26/2/2018,NULL,ST2,3036
Ord1408,19901172,4,26/2/2018,27/2/2018,1/3/2018,ST2,3036
Ord1409,199021,4,26/2/2018,28/2/2018,28/2/2018,ST3,3038
Ord141,1990557,4,25/3/2016,27/3/2016,26/3/2016,ST2,3037
Ord1410,19901005,4,27/2/2018,28/2/2018,28/2/2018,ST2,3037
Ord1411,1990109,4,1/3/2018,2/3/2018,2/3/2018,ST1,3032
Ord1412,19901043,4,1/3/2018,2/3/2018,4/3/2018,ST2,3037
Ord1413,199056,4,1/3/2018,3/3/2018,4/3/2018,ST3,3038
Ord1414,1990293,4,3/3/2018,5/3/2018,6/3/2018,ST2,3037
Ord1415,1990839,4,3/3/2018,4/3/2018,5/3/2018,ST2,3037
Ord1416,1990566,4,3/3/2018,4/3/2018,6/3/2018,ST3,3038
Ord1417,1990300,4,4/3/2018,6/3/2018,7/3/2018,ST1,3032
Ord1418,1990364,4,4/3/2018,5/3/2018,7/3/2018,ST2,3036
Ord1419,1990474,4,4/3/2018,7/3/2018,7/3/2018,ST2,3036
Ord142,1990170,4,26/3/2016,27/3/2016,27/3/2016,ST1,3033
Ord1420,1990838,4,4/3/2018,5/3/2018,7/3/2018,ST2,3037
Ord1421,19901176,4,5/3/2018,7/3/2018,7/3/2018,ST2,3037
Ord1422,1990599,4,5/3/2018,6/3/2018,8/3/2018,ST3,3038
Ord1423,19901231,4,6/3/2018,7/3/2018,7/3/2018,ST1,3032
Ord1424,19901445,4,7/3/2018,10/3/2018,10/3/2018,ST1,3032
Ord1425,1990126,4,7/3/2018,9/3/2018,9/3/2018,ST2,3036
Ord1426,1990938,4,7/3/2018,8/3/2018,10/3/2018,ST2,3036
Ord1427,1990999,4,7/3/2018,8/3/2018,8/3/2018,ST2,3036
Ord1428,1990195,4,8/3/2018,10/3/2018,11/3/2018,ST2,3037
Ord1429,19901116,4,8/3/2018,9/3/2018,9/3/2018,ST2,3036
Ord143,1990693,4,26/3/2016,28/3/2016,28/3/2016,ST2,3037
Ord1430,19901239,4,10/3/2018,13/3/2018,11/3/2018,ST2,3037
Ord1431,1990308,4,11/3/2018,12/3/2018,14/3/2018,ST2,3036
Ord1432,1990483,4,11/3/2018,12/3/2018,14/3/2018,ST2,3036
Ord1433,19901142,4,11/3/2018,13/3/2018,12/3/2018,ST2,3037
Ord1434,1990595,4,14/3/2018,16/3/2018,16/3/2018,ST2,3036
Ord1435,1990744,4,14/3/2018,15/3/2018,16/3/2018,ST2,3036
Ord1436,19901044,4,14/3/2018,17/3/2018,16/3/2018,ST2,3036
Ord1437,1990518,4,15/3/2018,16/3/2018,16/3/2018,ST1,3032
Ord1438,1990263,4,15/3/2018,17/3/2018,16/3/2018,ST2,3036
Ord1439,1990463,4,15/3/2018,16/3/2018,17/3/2018,ST2,3037
Ord144,19901124,4,26/3/2016,29/3/2016,29/3/2016,ST2,3037
Ord1440,1990859,4,15/3/2018,18/3/2018,16/3/2018,ST3,3038
Ord1441,1990982,4,15/3/2018,16/3/2018,18/3/2018,ST3,3038
Ord1442,1990478,4,16/3/2018,17/3/2018,17/3/2018,ST2,3037
Ord1443,1990972,4,16/3/2018,17/3/2018,17/3/2018,ST2,3037
Ord1444,19901154,4,16/3/2018,17/3/2018,19/3/2018,ST2,3036
Ord1445,1990515,4,17/3/2018,18/3/2018,20/3/2018,ST2,3037
Ord1446,1990820,4,17/3/2018,18/3/2018,18/3/2018,ST2,3036
Ord1447,19901419,4,18/3/2018,20/3/2018,20/3/2018,ST1,3033
Ord1448,1990228,4,18/3/2018,19/3/2018,21/3/2018,ST2,3036
Ord1449,1990330,4,18/3/2018,19/3/2018,20/3/2018,ST2,3037
Ord145,1990366,4,27/3/2016,29/3/2016,30/3/2016,ST2,3036
Ord1450,1990296,4,19/3/2018,20/3/2018,22/3/2018,ST2,3037
Ord1451,1990822,4,19/3/2018,22/3/2018,20/3/2018,ST2,3036
Ord1452,1990287,4,20/3/2018,23/3/2018,23/3/2018,ST1,3033
Ord1453,1990601,4,20/3/2018,23/3/2018,22/3/2018,ST1,3033
Ord1454,1990395,4,20/3/2018,21/3/2018,22/3/2018,ST2,3036
Ord1455,1990405,4,20/3/2018,22/3/2018,21/3/2018,ST2,3036
Ord1456,1990754,4,20/3/2018,21/3/2018,23/3/2018,ST2,3037
Ord1457,19901411,4,20/3/2018,23/3/2018,23/3/2018,ST2,3036
Ord1458,19901029,4,20/3/2018,22/3/2018,21/3/2018,ST3,3038
Ord1459,19909,4,21/3/2018,22/3/2018,22/3/2018,ST2,3037
Ord146,1990288,4,28/3/2016,30/3/2016,30/3/2016,ST1,3033
Ord1460,19901131,4,21/3/2018,23/3/2018,23/3/2018,ST2,3037
Ord1461,1990139,4,22/3/2018,25/3/2018,23/3/2018,ST2,3036
Ord1462,19901101,4,22/3/2018,24/3/2018,24/3/2018,ST2,3036
Ord1463,1990692,4,23/3/2018,24/3/2018,24/3/2018,ST2,3037
Ord1464,19901279,4,24/3/2018,25/3/2018,25/3/2018,ST2,3037
Ord1465,1990623,4,25/3/2018,28/3/2018,28/3/2018,ST2,3037
Ord1466,1990738,4,26/3/2018,29/3/2018,28/3/2018,ST1,3033
Ord1467,1990152,4,26/3/2018,27/3/2018,29/3/2018,ST2,3037
Ord1468,19903,4,27/3/2018,30/3/2018,29/3/2018,ST1,3032
Ord1469,19901135,4,27/3/2018,28/3/2018,30/3/2018,ST3,3038
Ord147,199055,4,28/3/2016,31/3/2016,31/3/2016,ST2,3037
Ord1470,1990505,4,28/3/2018,31/3/2018,31/3/2018,ST2,3037
Ord1471,19901310,4,28/3/2018,30/3/2018,29/3/2018,ST2,3037
Ord1472,1990114,4,29/3/2018,30/3/2018,31/3/2018,ST2,3036
Ord1473,1990302,4,30/3/2018,1/4/2018,2/4/2018,ST1,3032
Ord1474,1990816,4,30/3/2018,1/4/2018,2/4/2018,ST1,3033
Ord1475,1990112,4,30/3/2018,1/4/2018,31/3/2018,ST2,3036
Ord1476,199035,4,31/3/2018,1/4/2018,1/4/2018,ST2,3037
Ord1477,1990180,4,31/3/2018,3/4/2018,1/4/2018,ST2,3036
Ord1478,1990392,4,31/3/2018,2/4/2018,2/4/2018,ST2,3036
Ord1479,199023,2,1/4/2018,1/4/2018,NULL,ST2,3037
Ord148,1990714,4,28/3/2016,30/3/2016,30/3/2016,ST2,3036
Ord1480,199027,2,1/4/2018,1/4/2018,NULL,ST2,3037
Ord1481,199062,1,1/4/2018,1/4/2018,NULL,ST2,3036
Ord1482,199094,1,1/4/2018,1/4/2018,NULL,ST2,3037
Ord1483,199015,1,2/4/2018,2/4/2018,NULL,ST2,3037
Ord1484,199035,2,2/4/2018,2/4/2018,NULL,ST2,3036
Ord1485,199051,2,2/4/2018,2/4/2018,NULL,ST2,3037
Ord1486,199084,2,2/4/2018,2/4/2018,NULL,ST2,3037
Ord1487,199033,1,3/4/2018,3/4/2018,NULL,ST1,3033
Ord1488,1990181,2,3/4/2018,3/4/2018,NULL,ST1,3033
Ord1489,1990194,1,3/4/2018,3/4/2018,NULL,ST1,3033
Ord149,1990763,4,28/3/2016,30/3/2016,29/3/2016,ST2,3036
Ord1490,1990217,2,3/4/2018,3/4/2018,NULL,ST1,3033
Ord1491,199082,1,4/4/2018,4/4/2018,NULL,ST1,3033
Ord1492,199041,1,4/4/2018,4/4/2018,NULL,ST2,3037
Ord1493,199064,2,4/4/2018,4/4/2018,NULL,ST3,3038
Ord1494,199069,2,5/4/2018,5/4/2018,NULL,ST1,3033
Ord1495,199086,2,5/4/2018,5/4/2018,NULL,ST2,3037
Ord1496,19903,1,6/4/2018,6/4/2018,NULL,ST1,3033
Ord1497,199031,2,6/4/2018,6/4/2018,NULL,ST1,3032
Ord1498,199081,1,6/4/2018,6/4/2018,NULL,ST1,3032
Ord1499,1990120,2,6/4/2018,6/4/2018,NULL,ST1,3032
Ord15,1990450,4,9/1/2016,10/1/2016,12/1/2016,ST2,3037
Ord150,1990332,4,29/3/2016,31/3/2016,1/4/2016,ST1,3032
Ord1500,1990151,2,6/4/2018,6/4/2018,NULL,ST1,3033
Ord1501,199052,1,6/4/2018,6/4/2018,NULL,ST2,3036
Ord1502,199083,2,6/4/2018,6/4/2018,NULL,ST2,3036
Ord1503,1990208,2,7/4/2018,7/4/2018,NULL,ST1,3033
Ord1504,1990237,2,8/4/2018,8/4/2018,NULL,ST1,3032
Ord1505,199022,1,8/4/2018,8/4/2018,NULL,ST2,3037
Ord1506,199075,1,8/4/2018,8/4/2018,NULL,ST2,3037
Ord1507,199085,2,8/4/2018,8/4/2018,NULL,ST2,3036
Ord1508,199092,2,8/4/2018,8/4/2018,NULL,ST2,3036
Ord1509,19902,1,9/4/2018,9/4/2018,NULL,ST1,3033
Ord151,1990926,4,29/3/2016,1/4/2016,31/3/2016,ST1,3032
Ord1510,199016,2,9/4/2018,9/4/2018,NULL,ST2,3036
Ord1511,199025,1,9/4/2018,9/4/2018,NULL,ST2,3036
Ord1512,199068,1,9/4/2018,9/4/2018,NULL,ST3,3039
Ord1513,199032,2,10/4/2018,10/4/2018,NULL,ST1,3032
Ord1514,199087,2,10/4/2018,10/4/2018,NULL,ST1,3033
Ord1515,199061,1,10/4/2018,10/4/2018,NULL,ST3,3039
Ord1516,199047,2,11/4/2018,11/4/2018,NULL,ST1,3033
Ord1517,199097,1,11/4/2018,11/4/2018,NULL,ST1,3032
Ord1518,1990175,1,11/4/2018,11/4/2018,NULL,ST1,3032
Ord1519,199026,2,11/4/2018,11/4/2018,NULL,ST2,3037
Ord152,199076,4,29/3/2016,30/3/2016,30/3/2016,ST2,3036
Ord1520,199066,2,11/4/2018,11/4/2018,NULL,ST3,3038
Ord1521,199053,1,12/4/2018,12/4/2018,NULL,ST1,3033
Ord1522,199078,1,12/4/2018,12/4/2018,NULL,ST1,3033
Ord1523,19908,1,12/4/2018,12/4/2018,NULL,ST2,3037
Ord1524,199037,1,12/4/2018,12/4/2018,NULL,ST2,3036
Ord1525,199038,2,12/4/2018,12/4/2018,NULL,ST2,3037
Ord1526,199059,2,12/4/2018,12/4/2018,NULL,ST2,3037
Ord1527,199013,2,12/4/2018,12/4/2018,NULL,ST3,3039
Ord1528,199020,1,12/4/2018,12/4/2018,NULL,ST3,3038
Ord1529,199050,1,12/4/2018,12/4/2018,NULL,ST3,3038
Ord153,1990498,4,30/3/2016,2/4/2016,1/4/2016,ST2,3036
Ord1530,1990110,1,13/4/2018,13/4/2018,NULL,ST1,3032
Ord1531,1990233,1,13/4/2018,13/4/2018,NULL,ST1,3032
Ord1532,19907,2,13/4/2018,13/4/2018,NULL,ST2,3037
Ord1533,199028,2,13/4/2018,13/4/2018,NULL,ST2,3036
Ord1534,199018,2,14/4/2018,14/4/2018,NULL,ST2,3037
Ord1535,199019,2,14/4/2018,14/4/2018,NULL,ST2,3037
Ord1536,199034,2,14/4/2018,14/4/2018,NULL,ST2,3037
Ord1537,199036,1,15/4/2018,15/4/2018,NULL,ST2,3036
Ord1538,199079,2,15/4/2018,15/4/2018,NULL,ST2,3036
Ord1539,1990116,1,15/4/2018,15/4/2018,NULL,ST3,3039
Ord154,19901286,4,31/3/2016,1/4/2016,1/4/2016,ST1,3032
Ord1540,1990187,1,16/4/2018,16/4/2018,NULL,ST1,3032
Ord1541,199010,2,16/4/2018,16/4/2018,NULL,ST2,3037
Ord1542,199058,2,16/4/2018,16/4/2018,NULL,ST2,3036
Ord1543,199076,1,16/4/2018,16/4/2018,NULL,ST2,3036
Ord1544,19905,1,17/4/2018,17/4/2018,NULL,ST1,3032
Ord1545,199067,1,17/4/2018,17/4/2018,NULL,ST1,3033
Ord1546,199091,2,17/4/2018,17/4/2018,NULL,ST1,3033
Ord1547,1990169,1,17/4/2018,17/4/2018,NULL,ST1,3033
Ord1548,1990170,1,17/4/2018,17/4/2018,NULL,ST1,3032
Ord1549,199017,1,17/4/2018,17/4/2018,NULL,ST2,3037
Ord155,1990371,4,2/4/2016,3/4/2016,4/4/2016,ST2,3036
Ord1550,199039,1,17/4/2018,17/4/2018,NULL,ST2,3036
Ord1551,199070,1,17/4/2018,17/4/2018,NULL,ST2,3037
Ord1552,199073,1,17/4/2018,17/4/2018,NULL,ST2,3037
Ord1553,199030,2,18/4/2018,18/4/2018,NULL,ST1,3033
Ord1554,1990172,1,18/4/2018,18/4/2018,NULL,ST1,3033
Ord1555,19901,1,18/4/2018,18/4/2018,NULL,ST2,3037
Ord1556,19904,2,18/4/2018,18/4/2018,NULL,ST2,3036
Ord1557,1990121,2,19/4/2018,19/4/2018,NULL,ST1,3033
Ord1558,199063,1,19/4/2018,19/4/2018,NULL,ST2,3036
Ord1559,199042,2,20/4/2018,20/4/2018,NULL,ST2,3036
Ord156,1990357,4,3/4/2016,6/4/2016,5/4/2016,ST1,3033
Ord1560,199057,1,20/4/2018,20/4/2018,NULL,ST2,3037
Ord1561,199065,2,20/4/2018,20/4/2018,NULL,ST2,3037
Ord1562,199088,1,20/4/2018,20/4/2018,NULL,ST2,3037
Ord1563,199077,2,20/4/2018,20/4/2018,NULL,ST3,3039
Ord1564,199046,1,21/4/2018,21/4/2018,NULL,ST1,3033
Ord1565,199060,2,21/4/2018,21/4/2018,NULL,ST1,3032
Ord1566,199072,1,21/4/2018,21/4/2018,NULL,ST1,3033
Ord1567,199089,2,21/4/2018,21/4/2018,NULL,ST1,3032
Ord1568,1990192,2,21/4/2018,21/4/2018,NULL,ST1,3033
Ord1569,199029,2,22/4/2018,22/4/2018,NULL,ST2,3037
Ord157,199043,4,3/4/2016,6/4/2016,6/4/2016,ST3,3038
Ord1570,199054,2,22/4/2018,22/4/2018,NULL,ST2,3037
Ord1571,199080,1,22/4/2018,22/4/2018,NULL,ST2,3037
Ord1572,199014,1,22/4/2018,22/4/2018,NULL,ST3,3039
Ord1573,199024,2,23/4/2018,23/4/2018,NULL,ST1,3032
Ord1574,1990124,1,23/4/2018,23/4/2018,NULL,ST1,3032
Ord1575,1990224,2,23/4/2018,23/4/2018,NULL,ST1,3033
Ord1576,199012,2,23/4/2018,23/4/2018,NULL,ST2,3037
Ord1577,199048,1,23/4/2018,23/4/2018,NULL,ST2,3037
Ord1578,199093,2,23/4/2018,23/4/2018,NULL,ST2,3037
Ord1579,1990104,2,24/4/2018,24/4/2018,NULL,ST1,3032
Ord158,1990117,3,4/4/2016,4/4/2016,NULL,ST3,3039
Ord1580,1990191,2,24/4/2018,24/4/2018,NULL,ST1,3032
Ord1581,1990188,2,25/4/2018,25/4/2018,NULL,ST1,3032
Ord1582,1990240,1,25/4/2018,25/4/2018,NULL,ST1,3033
Ord1583,199044,1,25/4/2018,25/4/2018,NULL,ST2,3036
Ord1584,1990109,2,26/4/2018,26/4/2018,NULL,ST1,3033
Ord1585,1990157,1,26/4/2018,26/4/2018,NULL,ST1,3033
Ord1586,1990176,1,26/4/2018,26/4/2018,NULL,ST1,3032
Ord1587,1990231,2,26/4/2018,26/4/2018,NULL,ST1,3032
Ord1588,199011,1,26/4/2018,26/4/2018,NULL,ST2,3036
Ord1589,199040,2,27/4/2018,27/4/2018,NULL,ST1,3033
Ord159,199032,4,4/4/2016,6/4/2016,6/4/2016,ST1,3032
Ord1590,1990138,1,27/4/2018,27/4/2018,NULL,ST1,3033
Ord1591,1990165,2,27/4/2018,27/4/2018,NULL,ST1,3032
Ord1592,19906,2,27/4/2018,27/4/2018,NULL,ST2,3037
Ord1593,19909,1,27/4/2018,27/4/2018,NULL,ST2,3036
Ord1594,199045,1,28/4/2018,28/4/2018,NULL,ST2,3037
Ord1595,199071,2,28/4/2018,28/4/2018,NULL,ST2,3037
Ord1596,199021,2,28/4/2018,28/4/2018,NULL,ST3,3038
Ord1597,199056,1,28/4/2018,28/4/2018,NULL,ST3,3039
Ord1598,1990239,2,29/4/2018,29/4/2018,NULL,ST1,3033
Ord1599,199049,1,29/4/2018,29/4/2018,NULL,ST2,3037
Ord16,1990552,4,12/1/2016,15/1/2016,15/1/2016,ST1,3033
Ord160,1990205,4,4/4/2016,6/4/2016,6/4/2016,ST2,3037
Ord1600,199090,1,29/4/2018,29/4/2018,NULL,ST2,3036
Ord1601,199043,1,29/4/2018,29/4/2018,NULL,ST3,3038
Ord1602,199055,1,30/4/2018,30/4/2018,NULL,ST2,3036
Ord1603,199074,2,30/4/2018,30/4/2018,NULL,ST2,3036
Ord1604,19907,3,17/6/2018,17/6/2018,NULL,ST2,3037
Ord1605,1990123,3,1/7/2018,1/7/2018,NULL,ST3,3038
Ord1606,1990119,3,10/7/2018,10/7/2018,NULL,ST3,3038
Ord1607,199033,3,11/7/2018,11/7/2018,NULL,ST1,3032
Ord1608,199053,3,12/7/2018,12/7/2018,NULL,ST1,3032
Ord1609,199010,3,23/8/2018,23/8/2018,NULL,ST2,3037
Ord161,1990251,4,4/4/2016,7/4/2016,5/4/2016,ST2,3037
Ord1610,199015,3,25/8/2018,25/8/2018,NULL,ST2,3037
Ord1611,19906,3,6/9/2018,6/9/2018,NULL,ST2,3037
Ord1612,19903,3,21/10/2018,21/10/2018,NULL,ST1,3033
Ord1613,19901,3,18/11/2018,18/11/2018,NULL,ST2,3036
Ord1614,1990135,3,28/11/2018,28/11/2018,NULL,ST3,3038
Ord1615,1990136,3,28/12/2018,28/12/2018,NULL,ST3,3038
Ord162,199031,4,6/4/2016,8/4/2016,7/4/2016,ST1,3033
Ord163,19901325,4,6/4/2016,7/4/2016,7/4/2016,ST2,3037
Ord164,1990610,4,7/4/2016,8/4/2016,9/4/2016,ST2,3037
Ord165,1990574,4,8/4/2016,10/4/2016,10/4/2016,ST1,3033
Ord166,1990338,4,8/4/2016,11/4/2016,11/4/2016,ST2,3036
Ord167,19901034,4,8/4/2016,9/4/2016,11/4/2016,ST2,3037
Ord168,19901147,4,9/4/2016,12/4/2016,11/4/2016,ST1,3033
Ord169,199099,4,10/4/2016,11/4/2016,11/4/2016,ST2,3037
Ord17,19901175,4,12/1/2016,14/1/2016,14/1/2016,ST1,3033
Ord170,19901200,4,10/4/2016,11/4/2016,13/4/2016,ST2,3037
Ord171,1990237,4,11/4/2016,14/4/2016,14/4/2016,ST1,3033
Ord172,19901079,4,11/4/2016,12/4/2016,14/4/2016,ST2,3037
Ord173,1990117,4,11/4/2016,14/4/2016,13/4/2016,ST3,3038
Ord174,19901361,4,12/4/2016,13/4/2016,15/4/2016,ST2,3037
Ord175,1990951,4,13/4/2016,14/4/2016,14/4/2016,ST2,3036
Ord176,1990643,4,15/4/2016,16/4/2016,17/4/2016,ST2,3037
Ord177,1990121,4,16/4/2016,19/4/2016,19/4/2016,ST1,3032
Ord178,1990756,4,16/4/2016,17/4/2016,18/4/2016,ST2,3036
Ord179,1990616,4,17/4/2016,19/4/2016,19/4/2016,ST2,3036
Ord18,1990541,4,14/1/2016,17/1/2016,15/1/2016,ST1,3033
Ord180,1990918,4,17/4/2016,20/4/2016,19/4/2016,ST2,3037
Ord181,1990459,4,18/4/2016,20/4/2016,20/4/2016,ST1,3033
Ord182,1990854,4,18/4/2016,19/4/2016,20/4/2016,ST2,3036
Ord183,199022,4,19/4/2016,20/4/2016,20/4/2016,ST2,3037
Ord184,1990134,4,19/4/2016,21/4/2016,22/4/2016,ST2,3037
Ord185,199024,3,20/4/2016,20/4/2016,NULL,ST1,3032
Ord186,19901127,4,21/4/2016,22/4/2016,24/4/2016,ST2,3036
Ord187,1990183,4,22/4/2016,23/4/2016,24/4/2016,ST2,3036
Ord188,1990390,4,22/4/2016,23/4/2016,25/4/2016,ST2,3036
Ord189,19901288,4,23/4/2016,24/4/2016,26/4/2016,ST1,3032
Ord19,1990696,4,14/1/2016,17/1/2016,16/1/2016,ST1,3032
Ord190,199098,4,23/4/2016,25/4/2016,25/4/2016,ST2,3036
Ord191,1990919,4,27/4/2016,28/4/2016,28/4/2016,ST1,3032
Ord192,1990728,4,27/4/2016,28/4/2016,29/4/2016,ST2,3037
Ord193,19901366,4,28/4/2016,30/4/2016,30/4/2016,ST1,3033
Ord194,1990558,4,28/4/2016,30/4/2016,1/5/2016,ST2,3037
Ord195,1990727,4,28/4/2016,1/5/2016,1/5/2016,ST2,3037
Ord196,19901247,4,28/4/2016,30/4/2016,1/5/2016,ST2,3036
Ord197,1990127,4,30/4/2016,3/5/2016,3/5/2016,ST2,3037
Ord198,1990640,4,1/5/2016,4/5/2016,3/5/2016,ST2,3036
Ord199,1990760,4,1/5/2016,4/5/2016,4/5/2016,ST2,3037
Ord2,19901212,4,1/1/2016,4/1/2016,3/1/2016,ST2,3036
Ord20,1990923,4,14/1/2016,16/1/2016,17/1/2016,ST1,3032
Ord200,19901074,4,1/5/2016,3/5/2016,3/5/2016,ST2,3036
Ord201,1990280,4,1/5/2016,4/5/2016,2/5/2016,ST3,3039
Ord202,1990600,4,3/5/2016,5/5/2016,4/5/2016,ST1,3032
Ord203,19901102,4,3/5/2016,5/5/2016,6/5/2016,ST3,3039
Ord204,1990591,4,4/5/2016,7/5/2016,6/5/2016,ST2,3037
Ord205,1990635,4,4/5/2016,5/5/2016,6/5/2016,ST2,3036
Ord206,1990743,4,4/5/2016,6/5/2016,5/5/2016,ST3,3039
Ord207,1990105,4,5/5/2016,7/5/2016,7/5/2016,ST2,3037
Ord208,1990815,4,6/5/2016,7/5/2016,9/5/2016,ST2,3037
Ord209,1990514,4,7/5/2016,8/5/2016,8/5/2016,ST2,3036
Ord21,19901250,4,15/1/2016,16/1/2016,18/1/2016,ST2,3036
Ord210,1990943,4,7/5/2016,8/5/2016,9/5/2016,ST2,3036
Ord211,19901140,4,7/5/2016,9/5/2016,8/5/2016,ST2,3036
Ord212,19901373,4,8/5/2016,9/5/2016,11/5/2016,ST2,3036
Ord213,1990788,4,8/5/2016,9/5/2016,9/5/2016,ST3,3038
Ord214,1990363,4,10/5/2016,12/5/2016,11/5/2016,ST2,3036
Ord215,19901420,4,10/5/2016,13/5/2016,12/5/2016,ST2,3037
Ord216,1990267,4,11/5/2016,14/5/2016,13/5/2016,ST1,3033
Ord217,1990716,4,11/5/2016,12/5/2016,14/5/2016,ST2,3037
Ord218,19901179,4,12/5/2016,14/5/2016,14/5/2016,ST2,3037
Ord219,19901338,4,12/5/2016,15/5/2016,15/5/2016,ST2,3036
Ord22,19901035,4,16/1/2016,18/1/2016,17/1/2016,ST1,3032
Ord220,19901358,4,12/5/2016,14/5/2016,15/5/2016,ST2,3036
Ord221,19901218,4,13/5/2016,16/5/2016,14/5/2016,ST1,3032
Ord222,199051,4,13/5/2016,16/5/2016,14/5/2016,ST2,3036
Ord223,19901368,4,15/5/2016,16/5/2016,17/5/2016,ST2,3037
Ord224,1990157,4,17/5/2016,18/5/2016,19/5/2016,ST1,3033
Ord225,1990307,4,17/5/2016,20/5/2016,19/5/2016,ST1,3033
Ord226,1990501,4,17/5/2016,19/5/2016,20/5/2016,ST1,3032
Ord227,1990489,4,17/5/2016,18/5/2016,20/5/2016,ST2,3037
Ord228,1990615,4,17/5/2016,20/5/2016,20/5/2016,ST2,3037
Ord229,1990742,4,19/5/2016,21/5/2016,20/5/2016,ST2,3036
Ord23,19901149,4,16/1/2016,19/1/2016,19/1/2016,ST1,3032
Ord230,19901167,4,19/5/2016,20/5/2016,21/5/2016,ST2,3036
Ord231,19901257,4,19/5/2016,22/5/2016,21/5/2016,ST2,3036
Ord232,19901360,4,20/5/2016,23/5/2016,23/5/2016,ST1,3033
Ord233,1990737,4,21/5/2016,22/5/2016,24/5/2016,ST2,3036
Ord234,19901435,4,22/5/2016,24/5/2016,24/5/2016,ST2,3036
Ord235,1990649,4,24/5/2016,25/5/2016,25/5/2016,ST2,3036
Ord236,1990206,4,25/5/2016,27/5/2016,26/5/2016,ST2,3036
Ord237,19901351,4,25/5/2016,26/5/2016,27/5/2016,ST2,3037
Ord238,19901350,4,26/5/2016,29/5/2016,29/5/2016,ST2,3036
Ord239,199013,3,27/5/2016,27/5/2016,NULL,ST3,3039
Ord24,1990636,4,18/1/2016,20/1/2016,19/1/2016,ST2,3037
Ord240,199065,4,27/5/2016,29/5/2016,30/5/2016,ST2,3036
Ord241,19901082,4,27/5/2016,29/5/2016,29/5/2016,ST2,3037
Ord242,19901168,4,27/5/2016,30/5/2016,30/5/2016,ST2,3037
Ord243,1990802,4,27/5/2016,30/5/2016,28/5/2016,ST3,3038
Ord244,1990956,4,28/5/2016,29/5/2016,29/5/2016,ST2,3036
Ord245,1990223,4,29/5/2016,31/5/2016,30/5/2016,ST2,3037
Ord246,199017,3,30/5/2016,30/5/2016,NULL,ST2,3036
Ord247,1990928,4,30/5/2016,1/6/2016,1/6/2016,ST1,3033
Ord248,19901376,4,30/5/2016,1/6/2016,31/5/2016,ST2,3037
Ord249,1990145,4,1/6/2016,4/6/2016,4/6/2016,ST2,3036
Ord25,1990657,4,18/1/2016,21/1/2016,21/1/2016,ST2,3036
Ord250,1990150,4,1/6/2016,2/6/2016,4/6/2016,ST2,3037
Ord251,1990851,4,1/6/2016,4/6/2016,4/6/2016,ST2,3037
Ord252,199066,4,1/6/2016,4/6/2016,2/6/2016,ST3,3038
Ord253,19901267,4,2/6/2016,5/6/2016,5/6/2016,ST2,3036
Ord254,1990510,4,3/6/2016,6/6/2016,5/6/2016,ST2,3037
Ord255,1990801,4,3/6/2016,6/6/2016,5/6/2016,ST2,3037
Ord256,199026,4,4/6/2016,5/6/2016,7/6/2016,ST2,3037
Ord257,19901314,4,5/6/2016,6/6/2016,8/6/2016,ST1,3033
Ord258,1990107,4,6/6/2016,7/6/2016,7/6/2016,ST2,3037
Ord259,1990413,4,6/6/2016,9/6/2016,9/6/2016,ST2,3037
Ord26,19901280,4,18/1/2016,21/1/2016,19/1/2016,ST2,3037
Ord260,1990632,4,6/6/2016,8/6/2016,8/6/2016,ST2,3036
Ord261,19901045,4,8/6/2016,10/6/2016,9/6/2016,ST1,3032
Ord262,1990579,4,8/6/2016,11/6/2016,10/6/2016,ST3,3039
Ord263,19901322,4,9/6/2016,10/6/2016,12/6/2016,ST2,3036
Ord264,19905,3,10/6/2016,10/6/2016,NULL,ST1,3033
Ord265,1990682,4,10/6/2016,12/6/2016,11/6/2016,ST2,3037
Ord266,1990933,4,10/6/2016,13/6/2016,13/6/2016,ST2,3037
Ord267,1990282,4,11/6/2016,14/6/2016,14/6/2016,ST1,3033
Ord268,1990540,4,11/6/2016,14/6/2016,12/6/2016,ST1,3033
Ord269,1990764,4,12/6/2016,13/6/2016,15/6/2016,ST2,3036
Ord27,199057,4,19/1/2016,21/1/2016,20/1/2016,ST2,3037
Ord270,1990879,4,12/6/2016,15/6/2016,13/6/2016,ST2,3037
Ord271,1990350,4,13/6/2016,16/6/2016,14/6/2016,ST2,3037
Ord272,1990497,4,15/6/2016,18/6/2016,16/6/2016,ST2,3037
Ord273,19901340,4,16/6/2016,19/6/2016,17/6/2016,ST2,3037
Ord274,1990411,4,17/6/2016,20/6/2016,18/6/2016,ST2,3037
Ord275,19901341,4,17/6/2016,19/6/2016,18/6/2016,ST2,3037
Ord276,19901227,4,18/6/2016,19/6/2016,19/6/2016,ST2,3036
Ord277,1990546,4,19/6/2016,20/6/2016,20/6/2016,ST2,3037
Ord278,19901301,4,20/6/2016,23/6/2016,21/6/2016,ST1,3033
Ord279,1990378,4,21/6/2016,22/6/2016,22/6/2016,ST2,3036
Ord28,1990252,4,19/1/2016,20/1/2016,21/1/2016,ST2,3036
Ord280,1990638,4,21/6/2016,22/6/2016,23/6/2016,ST2,3037
Ord281,1990800,4,21/6/2016,22/6/2016,23/6/2016,ST2,3037
Ord282,1990159,4,22/6/2016,25/6/2016,25/6/2016,ST3,3039
Ord283,1990181,4,23/6/2016,26/6/2016,26/6/2016,ST1,3032
Ord284,19901356,4,23/6/2016,25/6/2016,25/6/2016,ST2,3037
Ord285,1990319,4,25/6/2016,26/6/2016,27/6/2016,ST1,3032
Ord286,199059,4,25/6/2016,26/6/2016,26/6/2016,ST2,3036
Ord287,1990133,4,25/6/2016,26/6/2016,27/6/2016,ST2,3036
Ord288,1990780,4,25/6/2016,28/6/2016,28/6/2016,ST2,3036
Ord289,1990849,4,27/6/2016,28/6/2016,30/6/2016,ST2,3036
Ord29,1990437,4,20/1/2016,22/1/2016,21/1/2016,ST2,3036
Ord290,1990202,4,28/6/2016,29/6/2016,30/6/2016,ST2,3036
Ord291,1990158,4,29/6/2016,30/6/2016,1/7/2016,ST2,3036
Ord292,1990360,4,29/6/2016,30/6/2016,2/7/2016,ST3,3039
Ord293,1990573,4,30/6/2016,3/7/2016,2/7/2016,ST2,3037
Ord294,1990732,4,1/7/2016,2/7/2016,2/7/2016,ST2,3037
Ord295,19901130,4,1/7/2016,4/7/2016,4/7/2016,ST2,3037
Ord296,19901245,4,4/7/2016,7/7/2016,6/7/2016,ST2,3036
Ord297,19901425,4,4/7/2016,5/7/2016,6/7/2016,ST2,3037
Ord298,1990885,4,4/7/2016,7/7/2016,7/7/2016,ST3,3039
Ord299,1990281,4,5/7/2016,6/7/2016,7/7/2016,ST2,3036
Ord3,1990523,4,2/1/2016,5/1/2016,3/1/2016,ST2,3037
Ord30,19901348,4,20/1/2016,21/1/2016,21/1/2016,ST2,3036
Ord300,19901205,4,5/7/2016,8/7/2016,8/7/2016,ST2,3036
Ord301,199017,4,6/7/2016,9/7/2016,8/7/2016,ST2,3036
Ord302,19901375,4,6/7/2016,7/7/2016,9/7/2016,ST2,3036
Ord303,199036,4,7/7/2016,8/7/2016,9/7/2016,ST2,3037
Ord304,1990230,4,7/7/2016,8/7/2016,8/7/2016,ST2,3036
Ord305,1990705,4,7/7/2016,8/7/2016,8/7/2016,ST2,3037
Ord306,1990424,4,9/7/2016,10/7/2016,12/7/2016,ST2,3037
Ord307,1990695,4,9/7/2016,11/7/2016,11/7/2016,ST2,3036
Ord308,1990156,4,11/7/2016,12/7/2016,14/7/2016,ST2,3036
Ord309,1990211,4,11/7/2016,13/7/2016,13/7/2016,ST2,3036
Ord31,19901238,4,20/1/2016,22/1/2016,22/1/2016,ST3,3038
Ord310,1990627,4,12/7/2016,13/7/2016,13/7/2016,ST1,3032
Ord311,19901400,4,12/7/2016,14/7/2016,13/7/2016,ST2,3036
Ord312,1990299,4,13/7/2016,15/7/2016,16/7/2016,ST2,3036
Ord313,1990565,4,14/7/2016,15/7/2016,15/7/2016,ST3,3039
Ord314,19901019,4,15/7/2016,17/7/2016,17/7/2016,ST2,3037
Ord315,19901263,4,16/7/2016,19/7/2016,17/7/2016,ST2,3036
Ord316,1990670,4,17/7/2016,20/7/2016,19/7/2016,ST2,3037
Ord317,1990795,4,17/7/2016,20/7/2016,19/7/2016,ST2,3037
Ord318,19901141,4,17/7/2016,19/7/2016,20/7/2016,ST2,3037
Ord319,1990941,4,18/7/2016,21/7/2016,21/7/2016,ST2,3036
Ord32,19901259,4,21/1/2016,24/1/2016,22/1/2016,ST1,3033
Ord320,19901428,4,19/7/2016,20/7/2016,21/7/2016,ST1,3032
Ord321,1990568,4,19/7/2016,22/7/2016,21/7/2016,ST2,3036
Ord322,1990924,4,19/7/2016,22/7/2016,20/7/2016,ST2,3036
Ord323,19901243,4,19/7/2016,22/7/2016,21/7/2016,ST2,3036
Ord324,1990480,4,20/7/2016,22/7/2016,23/7/2016,ST2,3036
Ord325,1990848,4,20/7/2016,21/7/2016,21/7/2016,ST2,3036
Ord326,19901337,4,20/7/2016,21/7/2016,22/7/2016,ST3,3039
Ord327,199083,4,21/7/2016,24/7/2016,22/7/2016,ST2,3036
Ord328,1990528,4,23/7/2016,26/7/2016,25/7/2016,ST2,3036
Ord329,1990274,4,24/7/2016,27/7/2016,26/7/2016,ST2,3036
Ord33,1990236,4,21/1/2016,22/1/2016,22/1/2016,ST2,3036
Ord330,1990622,4,24/7/2016,27/7/2016,27/7/2016,ST2,3036
Ord331,1990642,4,24/7/2016,26/7/2016,25/7/2016,ST2,3036
Ord332,1990659,4,24/7/2016,26/7/2016,26/7/2016,ST2,3037
Ord333,1990779,4,25/7/2016,27/7/2016,26/7/2016,ST2,3036
Ord334,19901112,4,25/7/2016,28/7/2016,27/7/2016,ST2,3037
Ord335,19901193,4,25/7/2016,27/7/2016,26/7/2016,ST2,3036
Ord336,19901030,4,26/7/2016,29/7/2016,27/7/2016,ST2,3037
Ord337,19901252,4,26/7/2016,27/7/2016,28/7/2016,ST2,3037
Ord338,19901333,4,28/7/2016,29/7/2016,30/7/2016,ST1,3033
Ord339,19901110,4,28/7/2016,31/7/2016,29/7/2016,ST2,3037
Ord34,199080,4,22/1/2016,25/1/2016,23/1/2016,ST2,3036
Ord340,1990963,4,29/7/2016,30/7/2016,31/7/2016,ST2,3037
Ord341,19901357,4,31/7/2016,3/8/2016,1/8/2016,ST1,3033
Ord342,1990806,4,31/7/2016,1/8/2016,3/8/2016,ST2,3037
Ord343,1990961,4,31/7/2016,2/8/2016,1/8/2016,ST2,3037
Ord344,1990750,4,1/8/2016,3/8/2016,2/8/2016,ST2,3036
Ord345,19901299,4,1/8/2016,4/8/2016,3/8/2016,ST2,3036
Ord346,1990584,4,1/8/2016,3/8/2016,2/8/2016,ST3,3039
Ord347,19901004,4,2/8/2016,3/8/2016,5/8/2016,ST2,3036
Ord348,1990907,4,2/8/2016,5/8/2016,4/8/2016,ST3,3039
Ord349,199030,3,3/8/2016,3/8/2016,NULL,ST1,3033
Ord35,1990813,4,22/1/2016,25/1/2016,24/1/2016,ST2,3037
Ord350,199031,3,3/8/2016,3/8/2016,NULL,ST1,3033
Ord351,19901307,4,3/8/2016,6/8/2016,4/8/2016,ST1,3032
Ord352,199016,4,3/8/2016,4/8/2016,6/8/2016,ST2,3037
Ord353,19901387,4,3/8/2016,6/8/2016,6/8/2016,ST2,3037
Ord354,1990551,4,3/8/2016,5/8/2016,6/8/2016,ST3,3038
Ord355,19901011,4,3/8/2016,5/8/2016,5/8/2016,ST3,3038
Ord356,19901189,4,4/8/2016,7/8/2016,6/8/2016,ST2,3036
Ord357,199014,3,5/8/2016,5/8/2016,NULL,ST3,3038
Ord358,19901042,4,5/8/2016,7/8/2016,7/8/2016,ST2,3037
Ord359,1990441,4,7/8/2016,10/8/2016,10/8/2016,ST2,3037
Ord36,19901321,4,23/1/2016,24/1/2016,24/1/2016,ST2,3036
Ord360,19901300,4,7/8/2016,9/8/2016,10/8/2016,ST2,3036
Ord361,1990994,4,8/8/2016,9/8/2016,11/8/2016,ST2,3036
Ord362,1990187,4,9/8/2016,11/8/2016,11/8/2016,ST1,3032
Ord363,1990834,4,11/8/2016,12/8/2016,13/8/2016,ST3,3038
Ord364,1990373,4,12/8/2016,14/8/2016,13/8/2016,ST2,3036
Ord365,1990981,4,13/8/2016,14/8/2016,15/8/2016,ST2,3036
Ord366,19901054,4,13/8/2016,14/8/2016,14/8/2016,ST3,3039
Ord367,1990527,4,14/8/2016,15/8/2016,15/8/2016,ST2,3037
Ord368,1990995,4,14/8/2016,15/8/2016,17/8/2016,ST2,3037
Ord369,19901285,4,15/8/2016,18/8/2016,18/8/2016,ST1,3033
Ord37,1990164,4,25/1/2016,28/1/2016,26/1/2016,ST2,3036
Ord370,1990758,4,15/8/2016,18/8/2016,18/8/2016,ST2,3037
Ord371,1990891,4,15/8/2016,16/8/2016,18/8/2016,ST2,3037
Ord372,1990132,4,16/8/2016,18/8/2016,18/8/2016,ST2,3036
Ord373,1990337,4,16/8/2016,19/8/2016,17/8/2016,ST2,3037
Ord374,19901313,4,17/8/2016,19/8/2016,18/8/2016,ST1,3032
Ord375,1990536,4,17/8/2016,20/8/2016,20/8/2016,ST2,3037
Ord376,1990825,4,17/8/2016,19/8/2016,18/8/2016,ST2,3036
Ord377,19901355,4,17/8/2016,19/8/2016,20/8/2016,ST2,3036
Ord378,1990475,4,17/8/2016,20/8/2016,20/8/2016,ST3,3039
Ord379,1990954,4,18/8/2016,21/8/2016,21/8/2016,ST2,3037
Ord38,1990583,4,25/1/2016,27/1/2016,26/1/2016,ST2,3037
Ord380,19901156,4,19/8/2016,20/8/2016,21/8/2016,ST2,3037
Ord381,19901297,4,19/8/2016,21/8/2016,21/8/2016,ST2,3037
Ord382,1990199,4,20/8/2016,23/8/2016,23/8/2016,ST2,3036
Ord383,1990331,4,20/8/2016,23/8/2016,22/8/2016,ST2,3037
Ord384,1990410,4,20/8/2016,22/8/2016,23/8/2016,ST2,3037
Ord385,19901274,4,20/8/2016,23/8/2016,22/8/2016,ST2,3037
Ord386,19901362,4,20/8/2016,23/8/2016,23/8/2016,ST2,3036
Ord387,1990451,4,20/8/2016,21/8/2016,21/8/2016,ST3,3038
Ord388,19901080,4,21/8/2016,24/8/2016,23/8/2016,ST3,3038
Ord389,199053,4,22/8/2016,24/8/2016,25/8/2016,ST1,3033
Ord39,19901296,4,25/1/2016,26/1/2016,26/1/2016,ST2,3037
Ord390,1990576,4,22/8/2016,24/8/2016,25/8/2016,ST3,3039
Ord391,199061,3,23/8/2016,23/8/2016,NULL,ST3,3039
Ord392,1990176,4,23/8/2016,26/8/2016,24/8/2016,ST1,3033
Ord393,1990368,4,25/8/2016,26/8/2016,27/8/2016,ST2,3036
Ord394,1990522,4,26/8/2016,28/8/2016,29/8/2016,ST1,3033
Ord395,1990144,4,26/8/2016,27/8/2016,29/8/2016,ST2,3036
Ord396,1990542,4,27/8/2016,30/8/2016,29/8/2016,ST2,3036
Ord397,19901437,4,28/8/2016,31/8/2016,29/8/2016,ST2,3037
Ord398,1990447,4,29/8/2016,30/8/2016,1/9/2016,ST1,3032
Ord399,19901001,4,29/8/2016,1/9/2016,1/9/2016,ST2,3037
Ord4,1990175,4,3/1/2016,4/1/2016,5/1/2016,ST1,3033
Ord40,1990348,4,27/1/2016,28/1/2016,29/1/2016,ST1,3033
Ord400,19901295,4,29/8/2016,30/8/2016,31/8/2016,ST2,3036
Ord401,1990103,4,30/8/2016,2/9/2016,1/9/2016,ST2,3036
Ord402,19901335,4,30/8/2016,1/9/2016,31/8/2016,ST2,3036
Ord403,1990578,4,31/8/2016,1/9/2016,2/9/2016,ST1,3033
Ord404,1990396,4,31/8/2016,3/9/2016,1/9/2016,ST2,3037
Ord405,1990603,4,31/8/2016,1/9/2016,1/9/2016,ST2,3036
Ord406,19901380,4,31/8/2016,2/9/2016,1/9/2016,ST2,3037
Ord407,199077,3,1/9/2016,1/9/2016,NULL,ST3,3038
Ord408,19901071,4,1/9/2016,2/9/2016,2/9/2016,ST1,3032
Ord409,1990416,4,1/9/2016,4/9/2016,4/9/2016,ST2,3037
Ord41,1990979,4,27/1/2016,30/1/2016,29/1/2016,ST2,3036
Ord410,19901151,4,1/9/2016,3/9/2016,2/9/2016,ST2,3036
Ord411,1990261,4,2/9/2016,4/9/2016,4/9/2016,ST1,3033
Ord412,19901202,4,2/9/2016,4/9/2016,4/9/2016,ST1,3033
Ord413,1990717,4,2/9/2016,5/9/2016,3/9/2016,ST2,3036
Ord414,1990917,4,3/9/2016,6/9/2016,6/9/2016,ST2,3037
Ord415,19901265,4,3/9/2016,6/9/2016,6/9/2016,ST2,3037
Ord416,19901377,4,3/9/2016,4/9/2016,6/9/2016,ST2,3037
Ord417,1990359,4,4/9/2016,5/9/2016,6/9/2016,ST1,3033
Ord418,199088,4,4/9/2016,5/9/2016,5/9/2016,ST2,3036
Ord419,199014,4,4/9/2016,7/9/2016,6/9/2016,ST3,3038
Ord42,19901095,4,27/1/2016,28/1/2016,30/1/2016,ST2,3037
Ord420,199072,4,5/9/2016,6/9/2016,7/9/2016,ST1,3033
Ord421,1990240,4,5/9/2016,6/9/2016,8/9/2016,ST1,3033
Ord422,1990398,4,6/9/2016,7/9/2016,9/9/2016,ST2,3036
Ord423,19901397,4,6/9/2016,9/9/2016,9/9/2016,ST2,3037
Ord424,199067,4,8/9/2016,11/9/2016,11/9/2016,ST1,3033
Ord425,1990843,4,8/9/2016,11/9/2016,11/9/2016,ST2,3036
Ord426,1990944,4,8/9/2016,10/9/2016,10/9/2016,ST2,3036
Ord427,1990434,4,9/9/2016,10/9/2016,11/9/2016,ST1,3032
Ord428,19901039,4,9/9/2016,12/9/2016,10/9/2016,ST2,3036
Ord429,1990153,4,10/9/2016,12/9/2016,12/9/2016,ST3,3038
Ord43,19901434,4,27/1/2016,28/1/2016,30/1/2016,ST2,3037
Ord430,1990272,4,11/9/2016,13/9/2016,12/9/2016,ST2,3036
Ord431,19901217,4,11/9/2016,12/9/2016,12/9/2016,ST2,3036
Ord432,1990169,4,12/9/2016,15/9/2016,14/9/2016,ST1,3032
Ord433,19901062,4,12/9/2016,15/9/2016,13/9/2016,ST2,3036
Ord434,1990726,4,13/9/2016,15/9/2016,14/9/2016,ST2,3036
Ord435,199077,4,14/9/2016,15/9/2016,16/9/2016,ST3,3039
Ord436,1990791,4,16/9/2016,19/9/2016,19/9/2016,ST2,3037
Ord437,19901085,4,16/9/2016,18/9/2016,18/9/2016,ST2,3037
Ord438,1990314,4,16/9/2016,19/9/2016,18/9/2016,ST3,3038
Ord439,1990149,4,17/9/2016,20/9/2016,18/9/2016,ST2,3036
Ord44,1990861,4,28/1/2016,31/1/2016,30/1/2016,ST2,3037
Ord440,1990882,4,17/9/2016,18/9/2016,19/9/2016,ST2,3037
Ord441,1990704,4,18/9/2016,19/9/2016,19/9/2016,ST1,3032
Ord442,1990667,4,18/9/2016,21/9/2016,21/9/2016,ST2,3037
Ord443,19901371,4,18/9/2016,19/9/2016,20/9/2016,ST2,3036
Ord444,199030,4,19/9/2016,20/9/2016,21/9/2016,ST1,3032
Ord445,1990362,4,19/9/2016,22/9/2016,22/9/2016,ST2,3036
Ord446,1990399,4,19/9/2016,21/9/2016,20/9/2016,ST2,3037
Ord447,1990808,4,20/9/2016,23/9/2016,22/9/2016,ST3,3038
Ord448,1990101,4,21/9/2016,22/9/2016,24/9/2016,ST2,3036
Ord449,1990492,4,21/9/2016,24/9/2016,22/9/2016,ST2,3037
Ord45,19901220,4,28/1/2016,31/1/2016,31/1/2016,ST2,3037
Ord450,1990575,4,21/9/2016,24/9/2016,23/9/2016,ST2,3037
Ord451,19901146,4,21/9/2016,23/9/2016,22/9/2016,ST2,3037
Ord452,1990997,4,22/9/2016,23/9/2016,24/9/2016,ST2,3037
Ord453,19901028,4,22/9/2016,24/9/2016,25/9/2016,ST2,3037
Ord454,1990988,4,23/9/2016,25/9/2016,26/9/2016,ST2,3036
Ord455,19901055,4,23/9/2016,24/9/2016,24/9/2016,ST2,3037
Ord456,19901061,4,23/9/2016,26/9/2016,25/9/2016,ST3,3039
Ord457,19901349,4,24/9/2016,27/9/2016,27/9/2016,ST1,3033
Ord458,1990197,4,25/9/2016,28/9/2016,26/9/2016,ST2,3036
Ord459,1990874,4,25/9/2016,28/9/2016,26/9/2016,ST2,3036
Ord46,1990746,4,29/1/2016,31/1/2016,31/1/2016,ST2,3037
Ord460,1990691,4,25/9/2016,27/9/2016,26/9/2016,ST3,3038
Ord461,1990853,4,26/9/2016,27/9/2016,27/9/2016,ST2,3037
Ord462,1990852,4,27/9/2016,28/9/2016,29/9/2016,ST2,3036
Ord463,1990964,4,27/9/2016,28/9/2016,28/9/2016,ST3,3038
Ord464,199074,4,28/9/2016,30/9/2016,29/9/2016,ST2,3037
Ord465,19901198,4,28/9/2016,1/10/2016,1/10/2016,ST2,3036
Ord466,19901440,4,28/9/2016,29/9/2016,1/10/2016,ST2,3037
Ord467,1990555,4,28/9/2016,30/9/2016,30/9/2016,ST3,3038
Ord468,19901261,4,29/9/2016,2/10/2016,30/9/2016,ST1,3033
Ord469,19901089,4,29/9/2016,2/10/2016,2/10/2016,ST2,3037
Ord47,19901234,4,29/1/2016,30/1/2016,31/1/2016,ST2,3037
Ord470,1990641,4,30/9/2016,2/10/2016,2/10/2016,ST1,3033
Ord471,1990697,4,30/9/2016,2/10/2016,1/10/2016,ST1,3033
Ord472,1990468,4,30/9/2016,1/10/2016,1/10/2016,ST2,3037
Ord473,1990549,4,30/9/2016,2/10/2016,3/10/2016,ST2,3037
Ord474,1990553,4,1/10/2016,4/10/2016,4/10/2016,ST1,3033
Ord475,1990241,4,1/10/2016,4/10/2016,3/10/2016,ST2,3037
Ord476,1990559,4,1/10/2016,4/10/2016,2/10/2016,ST2,3036
Ord477,1990449,4,2/10/2016,5/10/2016,4/10/2016,ST1,3032
Ord478,1990304,4,2/10/2016,5/10/2016,3/10/2016,ST2,3037
Ord479,1990984,4,3/10/2016,4/10/2016,4/10/2016,ST2,3036
Ord48,19901012,4,30/1/2016,1/2/2016,2/2/2016,ST2,3037
Ord480,1990686,4,4/10/2016,7/10/2016,5/10/2016,ST1,3033
Ord481,1990481,4,4/10/2016,7/10/2016,6/10/2016,ST3,3039
Ord482,1990513,4,5/10/2016,6/10/2016,6/10/2016,ST2,3036
Ord483,1990703,4,6/10/2016,7/10/2016,9/10/2016,ST1,3032
Ord484,1990421,4,6/10/2016,9/10/2016,7/10/2016,ST2,3037
Ord485,1990465,4,6/10/2016,8/10/2016,7/10/2016,ST2,3037
Ord486,1990709,4,6/10/2016,8/10/2016,9/10/2016,ST2,3037
Ord487,1990827,4,6/10/2016,9/10/2016,9/10/2016,ST2,3036
Ord488,1990921,4,6/10/2016,9/10/2016,8/10/2016,ST2,3036
Ord489,1990899,4,6/10/2016,8/10/2016,8/10/2016,ST3,3038
Ord49,1990608,4,31/1/2016,1/2/2016,2/2/2016,ST2,3036
Ord490,1990876,4,7/10/2016,10/10/2016,9/10/2016,ST2,3036
Ord491,19901048,4,8/10/2016,10/10/2016,11/10/2016,ST1,3032
Ord492,1990191,4,9/10/2016,10/10/2016,12/10/2016,ST1,3032
Ord493,1990796,4,9/10/2016,12/10/2016,11/10/2016,ST1,3033
Ord494,1990875,4,9/10/2016,10/10/2016,11/10/2016,ST2,3036
Ord495,1990712,4,10/10/2016,12/10/2016,13/10/2016,ST1,3033
Ord496,1990193,4,10/10/2016,12/10/2016,11/10/2016,ST2,3036
Ord497,1990785,4,10/10/2016,11/10/2016,11/10/2016,ST2,3036
Ord498,19901331,4,10/10/2016,12/10/2016,11/10/2016,ST2,3036
Ord499,1990260,4,11/10/2016,14/10/2016,13/10/2016,ST1,3032
Ord5,19901324,4,3/1/2016,6/1/2016,6/1/2016,ST2,3036
Ord50,1990872,4,31/1/2016,3/2/2016,2/2/2016,ST3,3038
Ord500,1990148,4,11/10/2016,12/10/2016,13/10/2016,ST2,3036
Ord501,1990977,4,11/10/2016,12/10/2016,13/10/2016,ST2,3037
Ord502,1990401,4,12/10/2016,13/10/2016,13/10/2016,ST3,3039
Ord503,1990932,4,13/10/2016,16/10/2016,14/10/2016,ST2,3036
Ord504,19901381,4,14/10/2016,15/10/2016,15/10/2016,ST1,3032
Ord505,1990721,4,14/10/2016,16/10/2016,17/10/2016,ST2,3036
Ord506,1990831,4,14/10/2016,16/10/2016,16/10/2016,ST2,3036
Ord507,19901378,4,15/10/2016,17/10/2016,17/10/2016,ST1,3033
Ord508,19901359,4,15/10/2016,18/10/2016,18/10/2016,ST2,3036
Ord509,1990235,4,16/10/2016,17/10/2016,17/10/2016,ST2,3037
Ord51,19901047,4,1/2/2016,2/2/2016,3/2/2016,ST2,3037
Ord510,1990586,4,17/10/2016,18/10/2016,18/10/2016,ST2,3037
Ord511,1990377,4,18/10/2016,20/10/2016,19/10/2016,ST2,3037
Ord512,19908,4,19/10/2016,22/10/2016,20/10/2016,ST2,3037
Ord513,1990155,4,19/10/2016,21/10/2016,21/10/2016,ST2,3036
Ord514,1990927,4,19/10/2016,21/10/2016,20/10/2016,ST2,3037
Ord515,1990986,4,19/10/2016,20/10/2016,22/10/2016,ST2,3036
Ord516,1990111,4,21/10/2016,23/10/2016,24/10/2016,ST2,3036
Ord517,1990613,4,21/10/2016,22/10/2016,24/10/2016,ST2,3036
Ord518,19901374,4,22/10/2016,24/10/2016,25/10/2016,ST1,3032
Ord519,199054,4,22/10/2016,23/10/2016,24/10/2016,ST2,3037
Ord52,1990767,4,3/2/2016,4/2/2016,5/2/2016,ST1,3032
Ord520,1990639,4,23/10/2016,26/10/2016,24/10/2016,ST2,3037
Ord521,1990664,4,23/10/2016,25/10/2016,25/10/2016,ST2,3036
Ord522,1990724,4,23/10/2016,24/10/2016,24/10/2016,ST2,3037
Ord523,19901056,4,24/10/2016,26/10/2016,27/10/2016,ST2,3036
Ord524,1990569,4,25/10/2016,26/10/2016,27/10/2016,ST1,3032
Ord525,19901315,4,26/10/2016,28/10/2016,29/10/2016,ST1,3033
Ord526,19901096,4,26/10/2016,28/10/2016,28/10/2016,ST2,3036
Ord527,1990506,4,27/10/2016,29/10/2016,28/10/2016,ST1,3032
Ord528,1990676,4,28/10/2016,31/10/2016,31/10/2016,ST2,3037
Ord529,1990753,4,28/10/2016,30/10/2016,31/10/2016,ST2,3037
Ord53,1990965,4,3/2/2016,4/2/2016,5/2/2016,ST2,3036
Ord530,1990773,4,28/10/2016,31/10/2016,31/10/2016,ST2,3036
Ord531,1990116,4,28/10/2016,29/10/2016,30/10/2016,ST3,3038
Ord532,1990817,4,29/10/2016,31/10/2016,30/10/2016,ST2,3037
Ord533,19901334,4,29/10/2016,1/11/2016,1/11/2016,ST2,3036
Ord534,19901406,4,29/10/2016,30/10/2016,31/10/2016,ST2,3037
Ord535,1990835,4,29/10/2016,31/10/2016,1/11/2016,ST3,3039
Ord536,1990759,4,31/10/2016,2/11/2016,1/11/2016,ST1,3033
Ord537,19901353,4,31/10/2016,1/11/2016,3/11/2016,ST1,3032
Ord538,1990341,4,2/11/2016,5/11/2016,5/11/2016,ST2,3036
Ord539,19901144,4,2/11/2016,4/11/2016,3/11/2016,ST2,3037
Ord54,1990535,4,4/2/2016,7/2/2016,7/2/2016,ST2,3037
Ord540,19901429,4,3/11/2016,5/11/2016,6/11/2016,ST1,3033
Ord541,19901228,4,4/11/2016,7/11/2016,7/11/2016,ST1,3033
Ord542,1990313,4,4/11/2016,6/11/2016,5/11/2016,ST2,3037
Ord543,199062,4,6/11/2016,9/11/2016,8/11/2016,ST2,3036
Ord544,1990321,4,6/11/2016,7/11/2016,8/11/2016,ST2,3037
Ord545,19901108,4,8/11/2016,10/11/2016,9/11/2016,ST3,3039
Ord546,1990470,4,9/11/2016,12/11/2016,10/11/2016,ST2,3037
Ord547,199020,4,9/11/2016,11/11/2016,10/11/2016,ST3,3038
Ord548,1990739,4,11/11/2016,13/11/2016,13/11/2016,ST2,3037
Ord549,199064,3,12/11/2016,12/11/2016,NULL,ST3,3039
Ord55,19901173,4,4/2/2016,7/2/2016,6/2/2016,ST2,3036
Ord550,1990892,4,12/11/2016,14/11/2016,15/11/2016,ST2,3037
Ord551,19901169,4,12/11/2016,13/11/2016,13/11/2016,ST2,3036
Ord552,19901282,4,12/11/2016,15/11/2016,13/11/2016,ST2,3037
Ord553,1990913,4,12/11/2016,13/11/2016,15/11/2016,ST3,3039
Ord554,1990104,4,13/11/2016,14/11/2016,16/11/2016,ST1,3033
Ord555,1990212,4,13/11/2016,14/11/2016,16/11/2016,ST2,3037
Ord556,199061,4,13/11/2016,14/11/2016,15/11/2016,ST3,3039
Ord557,19901248,4,14/11/2016,17/11/2016,15/11/2016,ST2,3036
Ord558,19901443,4,15/11/2016,16/11/2016,17/11/2016,ST2,3037
Ord559,1990959,4,16/11/2016,17/11/2016,17/11/2016,ST1,3032
Ord56,19901241,4,4/2/2016,6/2/2016,7/2/2016,ST2,3036
Ord560,19901405,4,18/11/2016,19/11/2016,21/11/2016,ST2,3036
Ord561,199090,4,19/11/2016,22/11/2016,22/11/2016,ST2,3036
Ord562,1990942,4,19/11/2016,20/11/2016,22/11/2016,ST2,3037
Ord563,1990365,4,20/11/2016,22/11/2016,21/11/2016,ST2,3036
Ord564,19901058,4,20/11/2016,23/11/2016,22/11/2016,ST2,3037
Ord565,1990894,4,21/11/2016,22/11/2016,22/11/2016,ST2,3037
Ord566,1990298,4,22/11/2016,25/11/2016,23/11/2016,ST1,3033
Ord567,19901430,4,22/11/2016,23/11/2016,23/11/2016,ST1,3032
Ord568,19901275,4,23/11/2016,25/11/2016,24/11/2016,ST1,3033
Ord569,1990707,4,23/11/2016,24/11/2016,25/11/2016,ST2,3036
Ord57,19901305,4,4/2/2016,6/2/2016,6/2/2016,ST2,3037
Ord570,1990989,4,23/11/2016,24/11/2016,25/11/2016,ST2,3036
Ord571,19905,4,24/11/2016,25/11/2016,27/11/2016,ST1,3032
Ord572,1990178,4,24/11/2016,26/11/2016,26/11/2016,ST2,3036
Ord573,1990423,4,24/11/2016,26/11/2016,27/11/2016,ST2,3036
Ord574,1990833,4,26/11/2016,27/11/2016,29/11/2016,ST2,3037
Ord575,199033,4,27/11/2016,28/11/2016,30/11/2016,ST1,3033
Ord576,19901272,4,27/11/2016,30/11/2016,28/11/2016,ST1,3033
Ord577,1990445,4,27/11/2016,30/11/2016,29/11/2016,ST2,3036
Ord578,1990819,4,27/11/2016,28/11/2016,29/11/2016,ST2,3037
Ord579,1990160,4,27/11/2016,30/11/2016,29/11/2016,ST3,3038
Ord58,1990504,4,5/2/2016,7/2/2016,7/2/2016,ST2,3036
Ord580,1990581,4,30/11/2016,2/12/2016,2/12/2016,ST1,3033
Ord581,1990688,4,3/12/2016,5/12/2016,6/12/2016,ST1,3033
Ord582,199032,3,4/12/2016,4/12/2016,NULL,ST1,3032
Ord583,1990792,4,4/12/2016,5/12/2016,7/12/2016,ST2,3037
Ord584,19901209,4,4/12/2016,5/12/2016,5/12/2016,ST2,3037
Ord585,19901219,4,4/12/2016,5/12/2016,5/12/2016,ST2,3037
Ord586,19901306,4,4/12/2016,6/12/2016,5/12/2016,ST2,3036
Ord587,1990487,4,6/12/2016,8/12/2016,8/12/2016,ST1,3032
Ord588,1990102,4,6/12/2016,7/12/2016,7/12/2016,ST2,3037
Ord589,1990719,4,6/12/2016,7/12/2016,7/12/2016,ST2,3037
Ord59,1990563,4,5/2/2016,7/2/2016,6/2/2016,ST2,3037
Ord590,1990990,4,6/12/2016,9/12/2016,7/12/2016,ST2,3037
Ord591,19901211,4,6/12/2016,9/12/2016,9/12/2016,ST2,3037
Ord592,19901232,4,6/12/2016,8/12/2016,8/12/2016,ST2,3037
Ord593,199050,4,7/12/2016,10/12/2016,8/12/2016,ST3,3038
Ord594,19901318,4,7/12/2016,8/12/2016,8/12/2016,ST3,3038
Ord595,1990538,4,8/12/2016,9/12/2016,11/12/2016,ST1,3032
Ord596,1990952,4,8/12/2016,9/12/2016,9/12/2016,ST1,3033
Ord597,19901121,4,8/12/2016,9/12/2016,10/12/2016,ST2,3036
Ord598,199040,3,9/12/2016,9/12/2016,NULL,ST1,3033
Ord599,19901,4,9/12/2016,10/12/2016,12/12/2016,ST2,3036
Ord6,199094,4,4/1/2016,7/1/2016,5/1/2016,ST2,3036
Ord60,1990151,4,6/2/2016,8/2/2016,7/2/2016,ST1,3033
Ord600,1990624,4,9/12/2016,12/12/2016,11/12/2016,ST2,3037
Ord601,1990683,4,9/12/2016,10/12/2016,10/12/2016,ST2,3036
Ord602,1990823,4,9/12/2016,10/12/2016,11/12/2016,ST2,3036
Ord603,19901032,4,9/12/2016,10/12/2016,10/12/2016,ST2,3037
Ord604,199096,4,10/12/2016,13/12/2016,12/12/2016,ST2,3037
Ord605,19901208,4,10/12/2016,11/12/2016,12/12/2016,ST2,3036
Ord606,199018,4,11/12/2016,12/12/2016,13/12/2016,ST2,3037
Ord607,1990309,4,11/12/2016,14/12/2016,13/12/2016,ST2,3036
Ord608,19901103,4,12/12/2016,15/12/2016,14/12/2016,ST1,3033
Ord609,1990896,4,12/12/2016,13/12/2016,14/12/2016,ST2,3037
Ord61,1990277,4,6/2/2016,9/2/2016,9/2/2016,ST2,3037
Ord610,1990711,4,13/12/2016,15/12/2016,14/12/2016,ST2,3036
Ord611,19901073,4,15/12/2016,17/12/2016,18/12/2016,ST2,3037
Ord612,1990634,4,16/12/2016,17/12/2016,17/12/2016,ST2,3037
Ord613,19901159,4,17/12/2016,19/12/2016,19/12/2016,ST2,3037
Ord614,1990654,4,18/12/2016,21/12/2016,21/12/2016,ST1,3032
Ord615,1990560,4,19/12/2016,22/12/2016,21/12/2016,ST3,3039
Ord616,19901444,4,20/12/2016,23/12/2016,23/12/2016,ST2,3036
Ord617,1990118,4,21/12/2016,23/12/2016,23/12/2016,ST2,3037
Ord618,1990131,4,21/12/2016,22/12/2016,22/12/2016,ST2,3036
Ord619,1990454,4,22/12/2016,25/12/2016,25/12/2016,ST2,3037
Ord62,1990208,4,7/2/2016,10/2/2016,10/2/2016,ST1,3032
Ord620,1990466,4,22/12/2016,24/12/2016,24/12/2016,ST2,3036
Ord621,19901157,4,23/12/2016,25/12/2016,24/12/2016,ST2,3036
Ord622,19901398,4,23/12/2016,26/12/2016,25/12/2016,ST2,3037
Ord623,1990678,4,24/12/2016,26/12/2016,27/12/2016,ST2,3036
Ord624,1990814,4,24/12/2016,25/12/2016,27/12/2016,ST2,3036
Ord625,19901163,4,25/12/2016,28/12/2016,26/12/2016,ST1,3032
Ord626,1990130,4,25/12/2016,28/12/2016,27/12/2016,ST2,3037
Ord627,19901119,4,25/12/2016,26/12/2016,28/12/2016,ST2,3036
Ord628,1990561,4,26/12/2016,29/12/2016,27/12/2016,ST1,3033
Ord629,1990973,4,26/12/2016,27/12/2016,29/12/2016,ST1,3032
Ord63,19901075,4,7/2/2016,9/2/2016,9/2/2016,ST2,3037
Ord630,19901404,4,26/12/2016,27/12/2016,28/12/2016,ST2,3036
Ord631,1990855,4,27/12/2016,29/12/2016,29/12/2016,ST1,3033
Ord632,1990163,4,27/12/2016,29/12/2016,29/12/2016,ST2,3037
Ord633,19901040,4,28/12/2016,31/12/2016,30/12/2016,ST3,3038
Ord634,199027,4,29/12/2016,1/1/2017,30/12/2016,ST2,3036
Ord635,1990520,4,30/12/2016,2/1/2017,31/12/2016,ST2,3036
Ord636,1990532,4,3/1/2017,4/1/2017,5/1/2017,ST1,3032
Ord637,1990512,4,3/1/2017,5/1/2017,5/1/2017,ST2,3036
Ord638,19901302,4,4/1/2017,5/1/2017,6/1/2017,ST2,3037
Ord639,1990550,4,6/1/2017,7/1/2017,7/1/2017,ST2,3036
Ord64,19901185,4,7/2/2016,8/2/2016,9/2/2016,ST2,3036
Ord640,19901093,4,6/1/2017,8/1/2017,7/1/2017,ST2,3036
Ord641,1990673,4,7/1/2017,10/1/2017,8/1/2017,ST1,3033
Ord642,1990847,4,7/1/2017,9/1/2017,10/1/2017,ST2,3037
Ord643,1990901,4,8/1/2017,9/1/2017,11/1/2017,ST1,3033
Ord644,1990439,4,8/1/2017,11/1/2017,10/1/2017,ST2,3036
Ord645,19901199,4,8/1/2017,11/1/2017,10/1/2017,ST2,3036
Ord646,1990975,4,9/1/2017,12/1/2017,11/1/2017,ST1,3032
Ord647,1990283,4,9/1/2017,10/1/2017,11/1/2017,ST2,3037
Ord648,1990684,4,9/1/2017,11/1/2017,11/1/2017,ST2,3036
Ord649,19901153,4,10/1/2017,11/1/2017,13/1/2017,ST1,3033
Ord65,1990996,4,8/2/2016,9/2/2016,11/2/2016,ST2,3036
Ord650,1990729,4,11/1/2017,14/1/2017,12/1/2017,ST1,3032
Ord651,1990190,4,11/1/2017,13/1/2017,13/1/2017,ST2,3037
Ord652,1990985,4,12/1/2017,15/1/2017,13/1/2017,ST3,3039
Ord653,19901249,4,14/1/2017,17/1/2017,15/1/2017,ST1,3032
Ord654,19901129,4,14/1/2017,15/1/2017,17/1/2017,ST2,3037
Ord655,1990347,4,16/1/2017,17/1/2017,18/1/2017,ST1,3033
Ord656,1990949,4,16/1/2017,17/1/2017,18/1/2017,ST2,3037
Ord657,1990349,4,17/1/2017,19/1/2017,20/1/2017,ST1,3032
Ord658,19901051,4,17/1/2017,18/1/2017,18/1/2017,ST2,3037
Ord659,19901391,4,17/1/2017,19/1/2017,18/1/2017,ST2,3037
Ord66,19901253,4,9/2/2016,12/2/2016,12/2/2016,ST2,3037
Ord660,1990383,4,18/1/2017,19/1/2017,19/1/2017,ST2,3037
Ord661,1990626,4,18/1/2017,19/1/2017,20/1/2017,ST2,3036
Ord662,19901125,4,19/1/2017,20/1/2017,20/1/2017,ST1,3033
Ord663,1990344,4,20/1/2017,22/1/2017,23/1/2017,ST1,3033
Ord664,1990681,4,20/1/2017,23/1/2017,22/1/2017,ST2,3037
Ord665,199029,4,21/1/2017,22/1/2017,23/1/2017,ST2,3036
Ord666,1990770,4,21/1/2017,22/1/2017,24/1/2017,ST2,3037
Ord667,1990858,4,22/1/2017,24/1/2017,25/1/2017,ST2,3037
Ord668,1990297,4,22/1/2017,23/1/2017,24/1/2017,ST3,3038
Ord669,1990745,4,23/1/2017,24/1/2017,26/1/2017,ST2,3037
Ord67,1990526,4,9/2/2016,11/2/2016,10/2/2016,ST3,3038
Ord670,1990361,4,24/1/2017,25/1/2017,25/1/2017,ST2,3036
Ord671,1990922,4,25/1/2017,28/1/2017,26/1/2017,ST2,3037
Ord672,1990908,4,26/1/2017,29/1/2017,29/1/2017,ST2,3036
Ord673,199064,4,26/1/2017,28/1/2017,27/1/2017,ST3,3039
Ord674,1990733,4,27/1/2017,28/1/2017,29/1/2017,ST2,3036
Ord675,1990291,4,28/1/2017,31/1/2017,30/1/2017,ST2,3037
Ord676,1990790,4,28/1/2017,30/1/2017,31/1/2017,ST2,3037
Ord677,1990809,4,28/1/2017,31/1/2017,30/1/2017,ST2,3037
Ord678,1990250,4,28/1/2017,29/1/2017,31/1/2017,ST3,3039
Ord679,199081,4,29/1/2017,30/1/2017,30/1/2017,ST1,3033
Ord68,1990381,4,10/2/2016,11/2/2016,13/2/2016,ST2,3036
Ord680,1990245,4,29/1/2017,1/2/2017,30/1/2017,ST1,3033
Ord681,1990499,4,29/1/2017,1/2/2017,31/1/2017,ST2,3037
Ord682,1990614,4,29/1/2017,30/1/2017,30/1/2017,ST2,3036
Ord683,1990741,4,29/1/2017,31/1/2017,1/2/2017,ST2,3036
Ord684,1990762,4,31/1/2017,1/2/2017,2/2/2017,ST2,3036
Ord685,1990976,4,31/1/2017,3/2/2017,2/2/2017,ST2,3037
Ord686,1990380,4,1/2/2017,3/2/2017,4/2/2017,ST2,3037
Ord687,1990530,4,2/2/2017,5/2/2017,4/2/2017,ST1,3033
Ord688,1990343,4,2/2/2017,3/2/2017,5/2/2017,ST2,3037
Ord689,1990884,4,2/2/2017,3/2/2017,5/2/2017,ST2,3037
Ord69,19901413,4,10/2/2016,12/2/2016,11/2/2016,ST2,3037
Ord690,19901097,4,3/2/2017,4/2/2017,6/2/2017,ST1,3032
Ord691,19901081,4,4/2/2017,6/2/2017,6/2/2017,ST2,3037
Ord692,19902,3,5/2/2017,5/2/2017,NULL,ST1,3033
Ord693,19901233,4,5/2/2017,7/2/2017,6/2/2017,ST1,3033
Ord694,199058,4,5/2/2017,6/2/2017,8/2/2017,ST2,3037
Ord695,1990606,4,5/2/2017,8/2/2017,7/2/2017,ST2,3037
Ord696,19901242,4,5/2/2017,8/2/2017,8/2/2017,ST2,3037
Ord697,1990562,4,6/2/2017,8/2/2017,9/2/2017,ST1,3032
Ord698,1990543,4,6/2/2017,8/2/2017,9/2/2017,ST3,3038
Ord699,1990958,4,6/2/2017,8/2/2017,9/2/2017,ST3,3039
Ord7,1990324,4,4/1/2016,7/1/2016,5/1/2016,ST2,3036
Ord70,199050,3,11/2/2016,11/2/2016,NULL,ST3,3039
Ord700,19904,4,7/2/2017,10/2/2017,8/2/2017,ST2,3036
Ord701,1990850,4,7/2/2017,8/2/2017,9/2/2017,ST3,3039
Ord702,19901352,4,8/2/2017,9/2/2017,11/2/2017,ST1,3033
Ord703,1990417,4,8/2/2017,9/2/2017,9/2/2017,ST2,3037
Ord704,19901137,4,8/2/2017,9/2/2017,11/2/2017,ST2,3036
Ord705,19901196,4,8/2/2017,11/2/2017,11/2/2017,ST2,3037
Ord706,19901271,4,9/2/2017,12/2/2017,10/2/2017,ST1,3032
Ord707,199079,4,9/2/2017,11/2/2017,11/2/2017,ST2,3037
Ord708,1990660,4,10/2/2017,12/2/2017,11/2/2017,ST1,3032
Ord709,19901162,4,11/2/2017,13/2/2017,12/2/2017,ST2,3036
Ord71,1990797,4,11/2/2016,14/2/2016,12/2/2016,ST2,3037
Ord710,1990295,4,13/2/2017,15/2/2017,16/2/2017,ST2,3036
Ord711,19901246,4,13/2/2017,16/2/2017,14/2/2017,ST2,3036
Ord712,1990173,4,13/2/2017,14/2/2017,16/2/2017,ST3,3039
Ord713,1990207,4,13/2/2017,14/2/2017,15/2/2017,ST3,3038
Ord714,1990805,4,14/2/2017,17/2/2017,15/2/2017,ST2,3037
Ord715,199012,3,15/2/2017,15/2/2017,NULL,ST2,3036
Ord716,1990672,4,15/2/2017,17/2/2017,18/2/2017,ST2,3036
Ord717,19901312,4,15/2/2017,18/2/2017,17/2/2017,ST2,3036
Ord718,199038,4,16/2/2017,17/2/2017,17/2/2017,ST2,3037
Ord719,1990200,4,16/2/2017,19/2/2017,18/2/2017,ST2,3036
Ord72,19901386,4,12/2/2016,15/2/2016,13/2/2016,ST1,3032
Ord720,1990382,4,16/2/2017,19/2/2017,19/2/2017,ST2,3036
Ord721,1990625,4,16/2/2017,19/2/2017,17/2/2017,ST2,3037
Ord722,19901399,4,18/2/2017,20/2/2017,21/2/2017,ST2,3037
Ord723,1990845,4,19/2/2017,21/2/2017,22/2/2017,ST2,3036
Ord724,1990864,4,19/2/2017,22/2/2017,21/2/2017,ST2,3036
Ord725,1990870,4,19/2/2017,22/2/2017,22/2/2017,ST2,3037
Ord726,1990969,4,19/2/2017,22/2/2017,20/2/2017,ST2,3036
Ord727,1990962,4,19/2/2017,22/2/2017,21/2/2017,ST3,3039
Ord728,19901138,4,20/2/2017,21/2/2017,23/2/2017,ST1,3033
Ord729,1990897,4,20/2/2017,22/2/2017,21/2/2017,ST2,3037
Ord73,1990612,4,12/2/2016,15/2/2016,14/2/2016,ST2,3037
Ord730,1990500,4,21/2/2017,24/2/2017,22/2/2017,ST2,3036
Ord731,1990910,4,25/2/2017,27/2/2017,27/2/2017,ST3,3039
Ord732,1990147,4,26/2/2017,27/2/2017,1/3/2017,ST2,3037
Ord733,1990832,4,26/2/2017,1/3/2017,27/2/2017,ST2,3037
Ord734,1990939,4,26/2/2017,28/2/2017,1/3/2017,ST3,3039
Ord735,199020,3,27/2/2017,27/2/2017,NULL,ST3,3039
Ord736,1990184,4,27/2/2017,28/2/2017,28/2/2017,ST2,3037
Ord737,1990694,4,27/2/2017,1/3/2017,28/2/2017,ST2,3036
Ord738,1990124,4,28/2/2017,1/3/2017,3/3/2017,ST1,3032
Ord739,199049,4,28/2/2017,1/3/2017,2/3/2017,ST2,3036
Ord74,1990264,4,13/2/2016,15/2/2016,15/2/2016,ST2,3037
Ord740,19901113,4,28/2/2017,1/3/2017,2/3/2017,ST2,3036
Ord741,1990119,4,28/2/2017,1/3/2017,1/3/2017,ST3,3038
Ord742,1990433,4,28/2/2017,1/3/2017,1/3/2017,ST3,3039
Ord743,1990137,4,1/3/2017,4/3/2017,4/3/2017,ST2,3036
Ord744,1990166,4,1/3/2017,2/3/2017,2/3/2017,ST2,3037
Ord745,1990698,4,1/3/2017,3/3/2017,3/3/2017,ST2,3037
Ord746,1990391,4,2/3/2017,4/3/2017,5/3/2017,ST1,3033
Ord747,199087,4,3/3/2017,4/3/2017,5/3/2017,ST1,3033
Ord748,19901072,4,3/3/2017,5/3/2017,4/3/2017,ST3,3038
Ord749,1990255,4,4/3/2017,7/3/2017,5/3/2017,ST2,3037
Ord75,1990587,4,14/2/2016,15/2/2016,17/2/2016,ST2,3036
Ord750,1990232,4,4/3/2017,7/3/2017,5/3/2017,ST3,3038
Ord751,1990731,4,5/3/2017,8/3/2017,7/3/2017,ST1,3033
Ord752,1990335,4,5/3/2017,6/3/2017,7/3/2017,ST2,3036
Ord753,19901201,4,5/3/2017,8/3/2017,8/3/2017,ST2,3037
Ord754,1990646,4,6/3/2017,7/3/2017,8/3/2017,ST1,3032
Ord755,1990531,4,6/3/2017,7/3/2017,7/3/2017,ST2,3036
Ord756,19901143,4,6/3/2017,7/3/2017,9/3/2017,ST2,3036
Ord757,19901336,4,6/3/2017,8/3/2017,9/3/2017,ST2,3037
Ord758,1990953,4,6/3/2017,8/3/2017,7/3/2017,ST3,3039
Ord759,1990284,4,7/3/2017,9/3/2017,8/3/2017,ST2,3037
Ord76,19909,3,16/2/2016,16/2/2016,NULL,ST2,3036
Ord760,19901104,4,7/3/2017,10/3/2017,10/3/2017,ST2,3036
Ord761,19901291,4,7/3/2017,8/3/2017,10/3/2017,ST2,3037
Ord762,1990572,4,8/3/2017,9/3/2017,9/3/2017,ST2,3036
Ord763,1990842,4,8/3/2017,10/3/2017,9/3/2017,ST3,3039
Ord764,1990701,4,9/3/2017,10/3/2017,12/3/2017,ST1,3032
Ord765,19901152,4,9/3/2017,11/3/2017,12/3/2017,ST1,3032
Ord766,1990141,4,9/3/2017,11/3/2017,12/3/2017,ST2,3036
Ord767,1990564,4,9/3/2017,10/3/2017,11/3/2017,ST2,3037
Ord768,1990841,4,9/3/2017,12/3/2017,10/3/2017,ST2,3037
Ord769,1990946,4,9/3/2017,11/3/2017,11/3/2017,ST2,3036
Ord77,1990385,4,16/2/2016,19/2/2016,19/2/2016,ST1,3032
Ord770,1990135,4,9/3/2017,11/3/2017,11/3/2017,ST3,3039
Ord771,1990671,4,11/3/2017,14/3/2017,12/3/2017,ST1,3033
Ord772,1990448,4,11/3/2017,12/3/2017,13/3/2017,ST2,3037
Ord773,19901385,4,11/3/2017,12/3/2017,12/3/2017,ST2,3036
Ord774,1990690,4,12/3/2017,14/3/2017,14/3/2017,ST2,3036
Ord775,1990968,4,12/3/2017,13/3/2017,13/3/2017,ST2,3036
Ord776,1990490,4,13/3/2017,15/3/2017,16/3/2017,ST2,3036
Ord777,1990496,4,13/3/2017,16/3/2017,16/3/2017,ST2,3036
Ord778,199056,3,15/3/2017,15/3/2017,NULL,ST3,3039
Ord779,1990367,4,15/3/2017,16/3/2017,18/3/2017,ST2,3036
Ord78,19901182,4,16/2/2016,18/2/2016,19/2/2016,ST2,3037
Ord780,1990592,4,15/3/2017,17/3/2017,17/3/2017,ST2,3036
Ord781,19901018,4,15/3/2017,16/3/2017,17/3/2017,ST2,3036
Ord782,19901298,4,15/3/2017,16/3/2017,18/3/2017,ST2,3037
Ord783,19901343,4,16/3/2017,19/3/2017,17/3/2017,ST1,3032
Ord784,1990430,4,16/3/2017,19/3/2017,19/3/2017,ST2,3037
Ord785,1990794,4,18/3/2017,19/3/2017,20/3/2017,ST1,3032
Ord786,1990249,4,18/3/2017,20/3/2017,19/3/2017,ST2,3036
Ord787,1990700,4,18/3/2017,20/3/2017,19/3/2017,ST3,3039
Ord788,19901363,4,18/3/2017,20/3/2017,20/3/2017,ST3,3039
Ord789,1990772,4,19/3/2017,20/3/2017,20/3/2017,ST2,3036
Ord79,1990529,4,17/2/2016,20/2/2016,20/2/2016,ST1,3033
Ord790,19901015,4,19/3/2017,21/3/2017,22/3/2017,ST2,3037
Ord791,1990432,4,20/3/2017,22/3/2017,23/3/2017,ST2,3036
Ord792,1990479,4,22/3/2017,23/3/2017,24/3/2017,ST2,3036
Ord793,1990653,4,23/3/2017,24/3/2017,24/3/2017,ST2,3036
Ord794,1990863,4,23/3/2017,25/3/2017,24/3/2017,ST2,3037
Ord795,1990992,4,23/3/2017,25/3/2017,26/3/2017,ST2,3037
Ord796,1990154,4,23/3/2017,26/3/2017,25/3/2017,ST3,3039
Ord797,1990374,4,24/3/2017,26/3/2017,26/3/2017,ST2,3037
Ord798,1990619,4,26/3/2017,28/3/2017,29/3/2017,ST1,3033
Ord799,1990607,4,27/3/2017,28/3/2017,29/3/2017,ST1,3033
Ord8,19901204,4,4/1/2016,5/1/2016,5/1/2016,ST2,3037
Ord80,1990397,4,17/2/2016,20/2/2016,19/2/2016,ST2,3036
Ord800,19901057,4,27/3/2017,29/3/2017,28/3/2017,ST2,3036
Ord801,199078,4,28/3/2017,29/3/2017,30/3/2017,ST1,3032
Ord802,1990340,4,28/3/2017,29/3/2017,30/3/2017,ST2,3036
Ord803,19901105,4,28/3/2017,31/3/2017,30/3/2017,ST3,3038
Ord804,199095,4,29/3/2017,31/3/2017,30/3/2017,ST2,3036
Ord805,1990420,4,29/3/2017,30/3/2017,1/4/2017,ST2,3036
Ord806,1990234,4,30/3/2017,31/3/2017,31/3/2017,ST2,3037
Ord807,19901148,4,30/3/2017,1/4/2017,2/4/2017,ST2,3036
Ord808,1990315,4,31/3/2017,2/4/2017,2/4/2017,ST2,3036
Ord809,19901222,4,31/3/2017,3/4/2017,3/4/2017,ST2,3037
Ord81,1990521,4,17/2/2016,19/2/2016,18/2/2016,ST2,3036
Ord810,1990153,3,1/4/2017,1/4/2017,NULL,ST3,3038
Ord811,1990524,4,1/4/2017,4/4/2017,4/4/2017,ST2,3037
Ord812,19901164,4,1/4/2017,2/4/2017,3/4/2017,ST2,3037
Ord813,19901203,4,1/4/2017,3/4/2017,2/4/2017,ST3,3039
Ord814,1990629,4,2/4/2017,5/4/2017,3/4/2017,ST2,3037
Ord815,19901251,4,3/4/2017,5/4/2017,4/4/2017,ST1,3033
Ord816,1990811,4,3/4/2017,5/4/2017,5/4/2017,ST2,3036
Ord817,1990301,4,4/4/2017,5/4/2017,7/4/2017,ST2,3037
Ord818,19901319,4,4/4/2017,7/4/2017,7/4/2017,ST2,3036
Ord819,1990221,4,4/4/2017,7/4/2017,5/4/2017,ST3,3039
Ord82,19901223,4,18/2/2016,21/2/2016,20/2/2016,ST2,3036
Ord820,1990725,4,5/4/2017,8/4/2017,7/4/2017,ST2,3037
Ord821,19901181,4,5/4/2017,7/4/2017,8/4/2017,ST2,3037
Ord822,1990294,4,6/4/2017,8/4/2017,9/4/2017,ST2,3037
Ord823,1990415,4,6/4/2017,7/4/2017,8/4/2017,ST3,3038
Ord824,1990993,4,7/4/2017,9/4/2017,10/4/2017,ST1,3032
Ord825,199010,4,7/4/2017,8/4/2017,9/4/2017,ST2,3037
Ord826,199045,4,7/4/2017,10/4/2017,10/4/2017,ST2,3036
Ord827,1990666,4,7/4/2017,10/4/2017,10/4/2017,ST2,3037
Ord828,1990246,4,9/4/2017,10/4/2017,12/4/2017,ST2,3036
Ord829,1990674,4,9/4/2017,10/4/2017,10/4/2017,ST2,3037
Ord83,1990393,4,19/2/2016,20/2/2016,20/2/2016,ST1,3033
Ord830,1990431,4,11/4/2017,14/4/2017,12/4/2017,ST2,3036
Ord831,19901000,4,11/4/2017,12/4/2017,12/4/2017,ST2,3037
Ord832,19901215,4,11/4/2017,12/4/2017,12/4/2017,ST2,3037
Ord833,1990406,4,12/4/2017,14/4/2017,15/4/2017,ST2,3037
Ord834,1990890,4,12/4/2017,13/4/2017,15/4/2017,ST2,3036
Ord835,1990940,4,13/4/2017,15/4/2017,14/4/2017,ST1,3032
Ord836,1990455,4,13/4/2017,16/4/2017,14/4/2017,ST2,3036
Ord837,1990948,4,13/4/2017,16/4/2017,14/4/2017,ST2,3037
Ord838,19901395,4,14/4/2017,17/4/2017,15/4/2017,ST2,3037
Ord839,19901332,4,15/4/2017,18/4/2017,16/4/2017,ST1,3033
Ord84,1990317,4,20/2/2016,22/2/2016,21/2/2016,ST2,3037
Ord840,1990372,4,15/4/2017,16/4/2017,16/4/2017,ST2,3036
Ord841,1990428,4,15/4/2017,18/4/2017,17/4/2017,ST2,3037
Ord842,19901133,4,15/4/2017,18/4/2017,16/4/2017,ST2,3036
Ord843,19901059,4,16/4/2017,17/4/2017,19/4/2017,ST2,3037
Ord844,19901436,4,16/4/2017,17/4/2017,18/4/2017,ST2,3036
Ord845,1990662,4,17/4/2017,18/4/2017,18/4/2017,ST2,3037
Ord846,1990715,4,17/4/2017,19/4/2017,19/4/2017,ST2,3036
Ord847,1990329,4,18/4/2017,19/4/2017,19/4/2017,ST2,3037
Ord848,1990597,4,18/4/2017,20/4/2017,20/4/2017,ST2,3037
Ord849,1990776,4,19/4/2017,20/4/2017,21/4/2017,ST1,3032
Ord85,19901174,4,20/2/2016,23/2/2016,21/2/2016,ST2,3037
Ord850,19901346,4,19/4/2017,22/4/2017,22/4/2017,ST1,3033
Ord851,19901139,4,20/4/2017,21/4/2017,22/4/2017,ST2,3036
Ord852,199013,4,21/4/2017,23/4/2017,22/4/2017,ST3,3039
Ord853,1990883,4,21/4/2017,24/4/2017,24/4/2017,ST3,3038
Ord854,1990177,4,22/4/2017,25/4/2017,23/4/2017,ST2,3036
Ord855,1990775,4,22/4/2017,23/4/2017,25/4/2017,ST2,3036
Ord856,1990477,4,23/4/2017,25/4/2017,26/4/2017,ST2,3036
Ord857,19901402,4,24/4/2017,25/4/2017,26/4/2017,ST2,3037
Ord858,1990162,4,25/4/2017,27/4/2017,28/4/2017,ST2,3036
Ord859,1990644,4,25/4/2017,26/4/2017,26/4/2017,ST2,3036
Ord86,1990276,4,21/2/2016,22/2/2016,23/2/2016,ST2,3037
Ord860,1990473,4,27/4/2017,29/4/2017,28/4/2017,ST2,3037
Ord861,19901177,4,27/4/2017,29/4/2017,30/4/2017,ST2,3037
Ord862,19901230,4,27/4/2017,30/4/2017,29/4/2017,ST3,3038
Ord863,1990446,4,28/4/2017,30/4/2017,1/5/2017,ST2,3037
Ord864,1990902,4,28/4/2017,30/4/2017,29/4/2017,ST2,3036
Ord865,1990974,4,29/4/2017,2/5/2017,1/5/2017,ST2,3036
Ord866,19901410,4,29/4/2017,30/4/2017,1/5/2017,ST2,3036
Ord867,199097,4,1/5/2017,3/5/2017,2/5/2017,ST1,3033
Ord868,1990868,4,1/5/2017,4/5/2017,2/5/2017,ST1,3033
Ord869,1990844,4,1/5/2017,4/5/2017,2/5/2017,ST2,3037
Ord87,1990516,4,21/2/2016,22/2/2016,23/2/2016,ST2,3036
Ord870,19901416,4,1/5/2017,4/5/2017,2/5/2017,ST2,3036
Ord871,1990358,4,2/5/2017,4/5/2017,3/5/2017,ST2,3037
Ord872,1990394,4,3/5/2017,6/5/2017,6/5/2017,ST1,3033
Ord873,1990829,4,3/5/2017,5/5/2017,5/5/2017,ST2,3037
Ord874,1990661,4,4/5/2017,5/5/2017,6/5/2017,ST2,3037
Ord875,1990386,4,5/5/2017,6/5/2017,8/5/2017,ST1,3033
Ord876,19901046,4,5/5/2017,8/5/2017,6/5/2017,ST2,3037
Ord877,1990784,4,6/5/2017,7/5/2017,8/5/2017,ST2,3036
Ord878,1990224,4,7/5/2017,10/5/2017,9/5/2017,ST1,3033
Ord879,1990214,4,8/5/2017,9/5/2017,9/5/2017,ST2,3037
Ord88,19901069,4,21/2/2016,22/2/2016,23/2/2016,ST2,3036
Ord880,19901206,4,8/5/2017,11/5/2017,10/5/2017,ST2,3036
Ord881,19901024,4,8/5/2017,11/5/2017,11/5/2017,ST3,3039
Ord882,1990196,4,9/5/2017,12/5/2017,10/5/2017,ST2,3036
Ord883,1990507,4,11/5/2017,13/5/2017,14/5/2017,ST2,3036
Ord884,1990871,4,11/5/2017,13/5/2017,12/5/2017,ST2,3037
Ord885,199066,3,13/5/2017,13/5/2017,NULL,ST3,3038
Ord886,19901396,4,13/5/2017,14/5/2017,15/5/2017,ST1,3032
Ord887,19901195,4,13/5/2017,15/5/2017,15/5/2017,ST2,3036
Ord888,19901038,4,14/5/2017,16/5/2017,16/5/2017,ST2,3037
Ord889,1990830,4,14/5/2017,17/5/2017,15/5/2017,ST3,3038
Ord89,1990668,4,21/2/2016,24/2/2016,24/2/2016,ST3,3038
Ord890,1990171,4,15/5/2017,18/5/2017,18/5/2017,ST2,3036
Ord891,1990384,4,15/5/2017,18/5/2017,16/5/2017,ST2,3036
Ord892,1990651,4,15/5/2017,18/5/2017,17/5/2017,ST2,3037
Ord893,19901293,4,16/5/2017,19/5/2017,19/5/2017,ST2,3037
Ord894,19901320,4,16/5/2017,19/5/2017,19/5/2017,ST2,3036
Ord895,1990857,4,18/5/2017,21/5/2017,19/5/2017,ST2,3036
Ord896,1990376,4,19/5/2017,22/5/2017,21/5/2017,ST3,3039
Ord897,199047,4,20/5/2017,21/5/2017,21/5/2017,ST1,3032
Ord898,1990352,4,20/5/2017,21/5/2017,22/5/2017,ST2,3036
Ord899,1990605,4,20/5/2017,21/5/2017,21/5/2017,ST2,3037
Ord9,199060,4,5/1/2016,8/1/2016,8/1/2016,ST1,3032
Ord90,1990414,4,23/2/2016,25/2/2016,24/2/2016,ST2,3037
Ord900,1990971,4,20/5/2017,21/5/2017,22/5/2017,ST2,3036
Ord901,1990345,4,21/5/2017,22/5/2017,24/5/2017,ST2,3037
Ord902,19901278,4,21/5/2017,24/5/2017,22/5/2017,ST2,3036
Ord903,1990179,4,22/5/2017,23/5/2017,24/5/2017,ST2,3037
Ord904,19901020,4,23/5/2017,26/5/2017,24/5/2017,ST1,3032
Ord905,1990609,4,23/5/2017,26/5/2017,24/5/2017,ST2,3036
Ord906,1990877,4,23/5/2017,26/5/2017,26/5/2017,ST2,3037
Ord907,1990120,4,24/5/2017,26/5/2017,27/5/2017,ST1,3032
Ord908,1990402,4,25/5/2017,28/5/2017,27/5/2017,ST2,3037
Ord909,1990188,4,26/5/2017,27/5/2017,28/5/2017,ST1,3032
Ord91,1990648,4,25/2/2016,27/2/2016,28/2/2016,ST1,3032
Ord910,1990342,4,26/5/2017,28/5/2017,28/5/2017,ST2,3037
Ord911,1990887,4,26/5/2017,29/5/2017,29/5/2017,ST2,3036
Ord912,1990519,4,27/5/2017,29/5/2017,29/5/2017,ST1,3032
Ord913,1990699,4,27/5/2017,29/5/2017,29/5/2017,ST2,3036
Ord914,19901068,4,28/5/2017,31/5/2017,31/5/2017,ST1,3032
Ord915,1990215,4,28/5/2017,30/5/2017,30/5/2017,ST2,3036
Ord916,1990718,4,28/5/2017,29/5/2017,29/5/2017,ST2,3036
Ord917,1990881,4,29/5/2017,31/5/2017,1/6/2017,ST1,3032
Ord918,1990242,4,30/5/2017,31/5/2017,31/5/2017,ST1,3033
Ord919,1990781,4,30/5/2017,31/5/2017,31/5/2017,ST2,3037
Ord92,19901309,4,25/2/2016,28/2/2016,28/2/2016,ST2,3037
Ord920,1990966,4,30/5/2017,1/6/2017,2/6/2017,ST2,3037
Ord921,1990628,4,31/5/2017,2/6/2017,2/6/2017,ST2,3036
Ord922,1990656,4,31/5/2017,1/6/2017,3/6/2017,ST2,3036
Ord923,1990769,4,31/5/2017,3/6/2017,2/6/2017,ST2,3037
Ord924,199068,3,2/6/2017,2/6/2017,NULL,ST3,3038
Ord925,19901316,4,2/6/2017,5/6/2017,3/6/2017,ST2,3037
Ord926,1990233,4,3/6/2017,5/6/2017,6/6/2017,ST1,3032
Ord927,19901438,4,3/6/2017,5/6/2017,6/6/2017,ST1,3032
Ord928,1990957,4,5/6/2017,6/6/2017,6/6/2017,ST1,3033
Ord929,1990472,4,5/6/2017,6/6/2017,8/6/2017,ST2,3036
Ord93,19901328,4,26/2/2016,28/2/2016,27/2/2016,ST1,3033
Ord930,19901224,4,5/6/2017,6/6/2017,6/6/2017,ST3,3039
Ord931,1990631,4,7/6/2017,8/6/2017,8/6/2017,ST2,3036
Ord932,1990804,4,7/6/2017,8/6/2017,9/6/2017,ST2,3036
Ord933,1990909,4,7/6/2017,10/6/2017,8/6/2017,ST2,3036
Ord934,199093,4,9/6/2017,10/6/2017,12/6/2017,ST2,3037
Ord935,199043,3,10/6/2017,10/6/2017,NULL,ST3,3038
Ord936,1990265,4,10/6/2017,13/6/2017,12/6/2017,ST2,3036
Ord937,199073,4,11/6/2017,14/6/2017,13/6/2017,ST2,3037
Ord938,1990129,4,11/6/2017,12/6/2017,12/6/2017,ST2,3036
Ord939,19901407,4,11/6/2017,12/6/2017,14/6/2017,ST2,3036
Ord94,1990929,4,27/2/2016,28/2/2016,29/2/2016,ST1,3032
Ord940,1990585,4,12/6/2017,14/6/2017,13/6/2017,ST1,3032
Ord941,1990736,4,12/6/2017,14/6/2017,14/6/2017,ST1,3032
Ord942,1990537,4,13/6/2017,16/6/2017,15/6/2017,ST2,3036
Ord943,19901025,4,13/6/2017,15/6/2017,15/6/2017,ST2,3036
Ord944,1990138,4,14/6/2017,15/6/2017,17/6/2017,ST1,3033
Ord945,1990167,4,14/6/2017,15/6/2017,16/6/2017,ST2,3037
Ord946,1990525,4,14/6/2017,16/6/2017,15/6/2017,ST2,3036
Ord947,1990278,4,15/6/2017,18/6/2017,17/6/2017,ST1,3033
Ord948,1990618,4,15/6/2017,17/6/2017,17/6/2017,ST2,3036
Ord949,1990867,4,16/6/2017,18/6/2017,17/6/2017,ST1,3033
Ord95,1990218,4,27/2/2016,29/2/2016,28/2/2016,ST2,3037
Ord950,1990142,4,16/6/2017,19/6/2017,18/6/2017,ST2,3036
Ord951,1990339,4,16/6/2017,19/6/2017,19/6/2017,ST2,3037
Ord952,1990355,4,16/6/2017,18/6/2017,18/6/2017,ST2,3037
Ord953,1990658,4,16/6/2017,18/6/2017,17/6/2017,ST2,3037
Ord954,1990611,4,17/6/2017,20/6/2017,20/6/2017,ST2,3036
Ord955,1990880,4,17/6/2017,19/6/2017,18/6/2017,ST2,3036
Ord956,19901184,4,17/6/2017,19/6/2017,20/6/2017,ST2,3036
Ord957,1990722,4,17/6/2017,20/6/2017,20/6/2017,ST3,3039
Ord958,19901276,4,18/6/2017,20/6/2017,19/6/2017,ST1,3032
Ord959,1990650,4,18/6/2017,21/6/2017,21/6/2017,ST2,3037
Ord96,19901094,4,27/2/2016,29/2/2016,28/2/2016,ST2,3037
Ord960,19901390,4,18/6/2017,19/6/2017,19/6/2017,ST2,3037
Ord961,199082,4,19/6/2017,21/6/2017,22/6/2017,ST1,3032
Ord962,1990570,4,19/6/2017,22/6/2017,20/6/2017,ST2,3037
Ord963,19901432,4,19/6/2017,21/6/2017,21/6/2017,ST2,3036
Ord964,1990404,4,20/6/2017,22/6/2017,22/6/2017,ST2,3037
Ord965,1990457,4,20/6/2017,22/6/2017,23/6/2017,ST2,3036
Ord966,1990389,4,20/6/2017,22/6/2017,22/6/2017,ST3,3038
Ord967,19901323,4,21/6/2017,24/6/2017,24/6/2017,ST2,3036
Ord968,19901403,4,21/6/2017,23/6/2017,23/6/2017,ST2,3036
Ord969,1990248,4,21/6/2017,24/6/2017,22/6/2017,ST3,3039
Ord97,1990204,4,28/2/2016,29/2/2016,1/3/2016,ST2,3037
Ord970,1990836,4,22/6/2017,25/6/2017,23/6/2017,ST2,3037
Ord971,19901426,4,22/6/2017,23/6/2017,24/6/2017,ST3,3038
Ord972,1990270,4,23/6/2017,24/6/2017,25/6/2017,ST2,3037
Ord973,1990238,4,24/6/2017,27/6/2017,27/6/2017,ST2,3036
Ord974,1990511,4,24/6/2017,27/6/2017,27/6/2017,ST3,3038
Ord975,19901092,4,25/6/2017,27/6/2017,28/6/2017,ST2,3036
Ord976,19901266,4,25/6/2017,28/6/2017,27/6/2017,ST3,3039
Ord977,1990400,4,26/6/2017,28/6/2017,27/6/2017,ST2,3037
Ord978,19901123,4,26/6/2017,28/6/2017,27/6/2017,ST2,3036
Ord979,19901190,4,26/6/2017,29/6/2017,27/6/2017,ST2,3036
Ord98,19901194,4,28/2/2016,29/2/2016,29/2/2016,ST2,3036
Ord980,1990328,4,26/6/2017,28/6/2017,27/6/2017,ST3,3039
Ord981,1990687,4,26/6/2017,29/6/2017,28/6/2017,ST3,3038
Ord982,19901423,4,26/6/2017,29/6/2017,28/6/2017,ST3,3039
Ord983,19901158,4,27/6/2017,28/6/2017,29/6/2017,ST2,3036
Ord984,19901287,4,27/6/2017,28/6/2017,29/6/2017,ST2,3037
Ord985,1990461,4,30/6/2017,2/7/2017,1/7/2017,ST2,3036
Ord986,1990556,4,30/6/2017,3/7/2017,1/7/2017,ST2,3037
Ord987,1990172,4,2/7/2017,4/7/2017,4/7/2017,ST1,3032
Ord988,1990436,4,2/7/2017,4/7/2017,5/7/2017,ST2,3036
Ord989,19901145,4,2/7/2017,4/7/2017,3/7/2017,ST2,3036
Ord99,19901165,4,29/2/2016,1/3/2016,3/3/2016,ST3,3039
Ord990,1990706,4,4/7/2017,7/7/2017,7/7/2017,ST2,3037
Ord991,1990751,4,6/7/2017,7/7/2017,9/7/2017,ST1,3032
Ord992,1990723,4,7/7/2017,10/7/2017,9/7/2017,ST2,3037
Ord993,19901415,4,9/7/2017,11/7/2017,11/7/2017,ST1,3033
Ord994,1990419,4,9/7/2017,11/7/2017,11/7/2017,ST2,3037
Ord995,1990621,4,11/7/2017,13/7/2017,14/7/2017,ST1,3032
Ord996,1990915,4,11/7/2017,12/7/2017,12/7/2017,ST1,3032
Ord997,1990485,4,11/7/2017,13/7/2017,14/7/2017,ST2,3037
Ord998,1990219,4,12/7/2017,13/7/2017,14/7/2017,ST2,3037
Ord999,1990590,4,12/7/2017,13/7/2017,14/7/2017,ST2,3036
