[{"product_id":"CHB100","product_name":"Electra Townie 3i EQ (20-inch) - Boys' - 2017","brand_id":"BRD1","category_id":"CHB1","model_year":2017,"list_price":489.99},{"product_id":"CHB101","product_name":"Electra Townie 7D (20-inch) - Boys' - 2017","brand_id":"BRD1","category_id":"CHB1","model_year":2017,"list_price":339.99},{"product_id":"CHB21","product_name":"Electra Cruiser 1 (24-Inch) - 2016","brand_id":"BRD1","category_id":"CHB1","model_year":2016,"list_price":269.99},{"product_id":"CHB22","product_name":"Electra Girl's Hawaii 1 (16-inch) - 2015\/2016","brand_id":"BRD1","category_id":"CHB1","model_year":2016,"list_price":269.99},{"product_id":"CHB23","product_name":"Electra Girl's Hawaii 1 (20-inch) - 2015\/2016","brand_id":"BRD1","category_id":"CHB1","model_year":2016,"list_price":299.99},{"product_id":"CHB262","product_name":"Trek MT 201 - 2018","brand_id":"BRD9","category_id":"CHB1","model_year":2018,"list_price":249.99},{"product_id":"CHB263","product_name":"Strider Classic 12 Balance Bike - 2018","brand_id":"BRD6","category_id":"CHB1","model_year":2018,"list_price":89.99},{"product_id":"CHB264","product_name":"Strider Sport 16 - 2018","brand_id":"BRD6","category_id":"CHB1","model_year":2018,"list_price":249.99},{"product_id":"CHB265","product_name":"Strider Strider 20 Sport - 2018","brand_id":"BRD6","category_id":"CHB1","model_year":2018,"list_price":289.99},{"product_id":"CHB266","product_name":"Trek Superfly 20 - 2018","brand_id":"BRD9","category_id":"CHB1","model_year":2018,"list_price":399.99},{"product_id":"CHB267","product_name":"Trek Precaliber 12 Girl's - 2018","brand_id":"BRD9","category_id":"CHB1","model_year":2018,"list_price":199.99},{"product_id":"CHB268","product_name":"Trek Kickster - 2018","brand_id":"BRD9","category_id":"CHB1","model_year":2018,"list_price":159.99},{"product_id":"CHB269","product_name":"Trek Precaliber 12 Boy's - 2018","brand_id":"BRD9","category_id":"CHB1","model_year":2018,"list_price":199.99},{"product_id":"CHB270","product_name":"Trek Precaliber 16 Boy's - 2018","brand_id":"BRD9","category_id":"CHB1","model_year":2018,"list_price":209.99},{"product_id":"CHB271","product_name":"Trek Precaliber 16 Girl's - 2018","brand_id":"BRD9","category_id":"CHB1","model_year":2018,"list_price":209.99},{"product_id":"CHB272","product_name":"Trek Precaliber 20 6-speed Boy's - 2018","brand_id":"BRD9","category_id":"CHB1","model_year":2018,"list_price":289.99},{"product_id":"CHB273","product_name":"Trek Precaliber 20 6-speed Girl's - 2018","brand_id":"BRD9","category_id":"CHB1","model_year":2018,"list_price":289.99},{"product_id":"CHB274","product_name":"Trek Precaliber 20 Boy's - 2018","brand_id":"BRD9","category_id":"CHB1","model_year":2018,"list_price":229.99},{"product_id":"CHB275","product_name":"Trek Precaliber 20 Girl's - 2018","brand_id":"BRD9","category_id":"CHB1","model_year":2018,"list_price":229.99},{"product_id":"CHB276","product_name":"Trek Precaliber 24 (7-Speed) - Boys - 2018","brand_id":"BRD9","category_id":"CHB1","model_year":2018,"list_price":319.99},{"product_id":"CHB277","product_name":"Trek Precaliber 24 21-speed Boy's - 2018","brand_id":"BRD9","category_id":"CHB1","model_year":2018,"list_price":369.99},{"product_id":"CHB278","product_name":"Trek Precaliber 24 21-speed Girl's - 2018","brand_id":"BRD9","category_id":"CHB1","model_year":2018,"list_price":369.99},{"product_id":"CHB279","product_name":"Trek Precaliber 24 7-speed Girl's - 2018","brand_id":"BRD9","category_id":"CHB1","model_year":2018,"list_price":319.99},{"product_id":"CHB280","product_name":"Trek Superfly 24 - 2017\/2018","brand_id":"BRD9","category_id":"CHB1","model_year":2018,"list_price":489.99},{"product_id":"CHB281","product_name":"Electra Cruiser 7D (24-Inch) Ladies' - 2016\/2018","brand_id":"BRD1","category_id":"CHB1","model_year":2018,"list_price":319.99},{"product_id":"CHB282","product_name":"Electra Cyclosaurus 1 (16-inch) - Boy's - 2018","brand_id":"BRD1","category_id":"CHB1","model_year":2018,"list_price":279.99},{"product_id":"CHB283","product_name":"Electra Heartchya 1 (20-inch) - Girl's - 2018","brand_id":"BRD1","category_id":"CHB1","model_year":2018,"list_price":319.99},{"product_id":"CHB284","product_name":"Electra Savannah 1 (20-inch) - Girl's - 2018","brand_id":"BRD1","category_id":"CHB1","model_year":2018,"list_price":319.99},{"product_id":"CHB285","product_name":"Electra Soft Serve 1 (16-inch) - Girl's - 2018","brand_id":"BRD1","category_id":"CHB1","model_year":2018,"list_price":279.99},{"product_id":"CHB286","product_name":"Electra Starship 1 16\" - 2018","brand_id":"BRD1","category_id":"CHB1","model_year":2018,"list_price":279.99},{"product_id":"CHB287","product_name":"Electra Straight 8 1 (16-inch) - Boy's - 2018","brand_id":"BRD1","category_id":"CHB1","model_year":2018,"list_price":279.99},{"product_id":"CHB288","product_name":"Electra Straight 8 1 (20-inch) - Boy's - 2018","brand_id":"BRD1","category_id":"CHB1","model_year":2018,"list_price":389.99},{"product_id":"CHB289","product_name":"Electra Superbolt 1 20\" - 2018","brand_id":"BRD1","category_id":"CHB1","model_year":2018,"list_price":319.99},{"product_id":"CHB290","product_name":"Electra Superbolt 3i 20\" - 2018","brand_id":"BRD1","category_id":"CHB1","model_year":2018,"list_price":369.99},{"product_id":"CHB291","product_name":"Electra Sweet Ride 1 (20-inch) - Girl's - 2018","brand_id":"BRD1","category_id":"CHB1","model_year":2018,"list_price":319.99},{"product_id":"CHB292","product_name":"Electra Sweet Ride 3i (20-inch) - Girls' - 2018","brand_id":"BRD1","category_id":"CHB1","model_year":2018,"list_price":369.99},{"product_id":"CHB293","product_name":"Electra Tiger Shark 1 (20-inch) - Boys' - 2018","brand_id":"BRD1","category_id":"CHB1","model_year":2018,"list_price":319.99},{"product_id":"CHB294","product_name":"Electra Tiger Shark 3i (20-inch) - Boys' - 2018","brand_id":"BRD1","category_id":"CHB1","model_year":2018,"list_price":369.99},{"product_id":"CHB295","product_name":"Electra Treasure 1 20\" - 2018","brand_id":"BRD1","category_id":"CHB1","model_year":2018,"list_price":319.99},{"product_id":"CHB296","product_name":"Electra Treasure 3i 20\" - 2018","brand_id":"BRD1","category_id":"CHB1","model_year":2018,"list_price":369.99},{"product_id":"CHB297","product_name":"Electra Under-The-Sea 1 16\" - 2018","brand_id":"BRD1","category_id":"CHB1","model_year":2018,"list_price":279.99},{"product_id":"CHB298","product_name":"Electra Water Lily 1 (16-inch) - Girl's - 2018","brand_id":"BRD1","category_id":"CHB1","model_year":2018,"list_price":279.99},{"product_id":"CHB83","product_name":"Trek Boy's Kickster - 2015\/2017","brand_id":"BRD9","category_id":"CHB1","model_year":2017,"list_price":149.99},{"product_id":"CHB84","product_name":"Sun Bicycles Lil Kitt'n - 2017","brand_id":"BRD7","category_id":"CHB1","model_year":2017,"list_price":109.99},{"product_id":"CHB85","product_name":"Haro Downtown 16 - 2017","brand_id":"BRD2","category_id":"CHB1","model_year":2017,"list_price":329.99},{"product_id":"CHB86","product_name":"Trek Girl's Kickster - 2017","brand_id":"BRD9","category_id":"CHB1","model_year":2017,"list_price":149.99},{"product_id":"CHB87","product_name":"Trek Precaliber 12 Boys - 2017","brand_id":"BRD9","category_id":"CHB1","model_year":2017,"list_price":189.99},{"product_id":"CHB88","product_name":"Trek Precaliber 12 Girls - 2017","brand_id":"BRD9","category_id":"CHB1","model_year":2017,"list_price":189.99},{"product_id":"CHB89","product_name":"Trek Precaliber 16 Boys - 2017","brand_id":"BRD9","category_id":"CHB1","model_year":2017,"list_price":209.99},{"product_id":"CHB90","product_name":"Trek Precaliber 16 Girls - 2017","brand_id":"BRD9","category_id":"CHB1","model_year":2017,"list_price":209.99},{"product_id":"CHB91","product_name":"Trek Precaliber 24 (21-Speed) - Girls - 2017","brand_id":"BRD9","category_id":"CHB1","model_year":2017,"list_price":349.99},{"product_id":"CHB92","product_name":"Haro Shredder 20 - 2017","brand_id":"BRD2","category_id":"CHB1","model_year":2017,"list_price":209.99},{"product_id":"CHB93","product_name":"Haro Shredder 20 Girls - 2017","brand_id":"BRD2","category_id":"CHB1","model_year":2017,"list_price":209.99},{"product_id":"CHB94","product_name":"Haro Shredder Pro 20 - 2017","brand_id":"BRD2","category_id":"CHB1","model_year":2017,"list_price":249.99},{"product_id":"CHB95","product_name":"Electra Girl's Hawaii 1 16\" - 2017","brand_id":"BRD1","category_id":"CHB1","model_year":2017,"list_price":299.99},{"product_id":"CHB96","product_name":"Electra Moto 3i (20-inch) - Boy's - 2017","brand_id":"BRD1","category_id":"CHB1","model_year":2017,"list_price":349.99},{"product_id":"CHB97","product_name":"Electra Savannah 3i (20-inch) - Girl's - 2017","brand_id":"BRD1","category_id":"CHB1","model_year":2017,"list_price":349.99},{"product_id":"CHB98","product_name":"Electra Straight 8 3i (20-inch) - Boy's - 2017","brand_id":"BRD1","category_id":"CHB1","model_year":2017,"list_price":489.99},{"product_id":"CHB99","product_name":"Electra Sugar Skulls 1 (20-inch) - Girl's - 2017","brand_id":"BRD1","category_id":"CHB1","model_year":2017,"list_price":299.99},{"product_id":"CMB102","product_name":"Electra Townie Original 7D - 2017","brand_id":"BRD1","category_id":"CMB2","model_year":2017,"list_price":489.99},{"product_id":"CMB103","product_name":"Sun Bicycles Streamway 3 - 2017","brand_id":"BRD7","category_id":"CMB2","model_year":2017,"list_price":551.99},{"product_id":"CMB104","product_name":"Sun Bicycles Streamway - 2017","brand_id":"BRD7","category_id":"CMB2","model_year":2017,"list_price":481.99},{"product_id":"CMB105","product_name":"Sun Bicycles Streamway 7 - 2017","brand_id":"BRD7","category_id":"CMB2","model_year":2017,"list_price":533.99},{"product_id":"CMB106","product_name":"Sun Bicycles Cruz 3 - 2017","brand_id":"BRD7","category_id":"CMB2","model_year":2017,"list_price":449.99},{"product_id":"CMB107","product_name":"Sun Bicycles Cruz 7 - 2017","brand_id":"BRD7","category_id":"CMB2","model_year":2017,"list_price":416.99},{"product_id":"CMB108","product_name":"Sun Bicycles Cruz 3 - Women's - 2017","brand_id":"BRD7","category_id":"CMB2","model_year":2017,"list_price":449.99},{"product_id":"CMB109","product_name":"Sun Bicycles Cruz 7 - Women's - 2017","brand_id":"BRD7","category_id":"CMB2","model_year":2017,"list_price":416.99},{"product_id":"CMB110","product_name":"Sun Bicycles Drifter 7 - 2017","brand_id":"BRD7","category_id":"CMB2","model_year":2017,"list_price":470.99},{"product_id":"CMB111","product_name":"Sun Bicycles Drifter 7 - Women's - 2017","brand_id":"BRD7","category_id":"CMB2","model_year":2017,"list_price":470.99},{"product_id":"CMB24","product_name":"Electra Townie Original 21D - 2016","brand_id":"BRD1","category_id":"CMB2","model_year":2016,"list_price":549.99},{"product_id":"CMB25","product_name":"Electra Townie Original 7D - 2015\/2016","brand_id":"BRD1","category_id":"CMB2","model_year":2016,"list_price":499.99},{"product_id":"CMB26","product_name":"Electra Townie Original 7D EQ - 2016","brand_id":"BRD1","category_id":"CMB2","model_year":2016,"list_price":599.99},{"product_id":"CMB299","product_name":"Electra Townie Original 21D - 2018","brand_id":"BRD1","category_id":"CMB2","model_year":2018,"list_price":559.99},{"product_id":"CMB300","product_name":"Electra Townie Balloon 3i EQ Ladies' - 2018","brand_id":"BRD1","category_id":"CMB2","model_year":2018,"list_price":799.99},{"product_id":"CMB301","product_name":"Electra Townie Balloon 7i EQ - 2018","brand_id":"BRD1","category_id":"CMB2","model_year":2018,"list_price":899.99},{"product_id":"CMB302","product_name":"Electra Townie Original 1 - 2018","brand_id":"BRD1","category_id":"CMB2","model_year":2018,"list_price":449.99},{"product_id":"CMB303","product_name":"Electra Townie Go! 8i - 2017\/2018","brand_id":"BRD1","category_id":"CMB2","model_year":2018,"list_price":2599.99},{"product_id":"CMB304","product_name":"Electra Townie Original 21D EQ - 2017\/2018","brand_id":"BRD1","category_id":"CMB2","model_year":2018,"list_price":679.99},{"product_id":"CMB305","product_name":"Electra Townie Balloon 3i EQ - 2017\/2018","brand_id":"BRD1","category_id":"CMB2","model_year":2018,"list_price":749.99},{"product_id":"CMB306","product_name":"Electra Townie Balloon 7i EQ Ladies' - 2017\/2018","brand_id":"BRD1","category_id":"CMB2","model_year":2018,"list_price":899.99},{"product_id":"CMB307","product_name":"Electra Townie Balloon 8D EQ - 2016\/2017\/2018","brand_id":"BRD1","category_id":"CMB2","model_year":2018,"list_price":749.99},{"product_id":"CMB308","product_name":"Electra Townie Balloon 8D EQ Ladies' - 2016\/2017\/2018","brand_id":"BRD1","category_id":"CMB2","model_year":2018,"list_price":749.99},{"product_id":"CMB309","product_name":"Electra Townie Commute 27D - 2018","brand_id":"BRD1","category_id":"CMB2","model_year":2018,"list_price":899.99},{"product_id":"CMB310","product_name":"Electra Townie Commute 27D Ladies - 2018","brand_id":"BRD1","category_id":"CMB2","model_year":2018,"list_price":899.99},{"product_id":"CMB311","product_name":"Electra Townie Commute 8D - 2018","brand_id":"BRD1","category_id":"CMB2","model_year":2018,"list_price":749.99},{"product_id":"CMB312","product_name":"Electra Townie Commute 8D Ladies' - 2018","brand_id":"BRD1","category_id":"CMB2","model_year":2018,"list_price":699.99},{"product_id":"CMB313","product_name":"Electra Townie Original 1 Ladies' - 2018","brand_id":"BRD1","category_id":"CMB2","model_year":2018,"list_price":449.99},{"product_id":"CMB314","product_name":"Electra Townie Original 21D EQ Ladies' - 2018","brand_id":"BRD1","category_id":"CMB2","model_year":2018,"list_price":679.99},{"product_id":"CMB315","product_name":"Electra Townie Original 21D Ladies' - 2018","brand_id":"BRD1","category_id":"CMB2","model_year":2018,"list_price":559.99},{"product_id":"CRB12","product_name":"Electra Townie Original 21D - 2016","brand_id":"BRD1","category_id":"CRB3","model_year":2016,"list_price":549.99},{"product_id":"CRB13","product_name":"Electra Cruiser 1 (24-Inch) - 2016","brand_id":"BRD1","category_id":"CRB3","model_year":2016,"list_price":269.99},{"product_id":"CRB14","product_name":"Electra Girl's Hawaii 1 (16-inch) - 2015\/2016","brand_id":"BRD1","category_id":"CRB3","model_year":2016,"list_price":269.99},{"product_id":"CRB15","product_name":"Electra Moto 1 - 2016","brand_id":"BRD1","category_id":"CRB3","model_year":2016,"list_price":529.99},{"product_id":"CRB16","product_name":"Electra Townie Original 7D EQ - 2016","brand_id":"BRD1","category_id":"CRB3","model_year":2016,"list_price":599.99},{"product_id":"CRB17","product_name":"Pure Cycles Vine 8-Speed - 2016","brand_id":"BRD4","category_id":"CRB3","model_year":2016,"list_price":429.00},{"product_id":"CRB18","product_name":"Pure Cycles Western 3-Speed - Women's - 2015\/2016","brand_id":"BRD4","category_id":"CRB3","model_year":2016,"list_price":449.00},{"product_id":"CRB19","product_name":"Pure Cycles William 3-Speed - 2016","brand_id":"BRD4","category_id":"CRB3","model_year":2016,"list_price":449.00},{"product_id":"CRB20","product_name":"Electra Townie Original 7D EQ - Women's - 2016","brand_id":"BRD1","category_id":"CRB3","model_year":2016,"list_price":599.99},{"product_id":"CRB212","product_name":"Electra Townie Original 21D - 2018","brand_id":"BRD1","category_id":"CRB3","model_year":2018,"list_price":559.99},{"product_id":"CRB213","product_name":"Electra Cruiser 1 - 2016\/2017\/2018","brand_id":"BRD1","category_id":"CRB3","model_year":2018,"list_price":269.99},{"product_id":"CRB214","product_name":"Electra Tiger Shark 3i - 2018","brand_id":"BRD1","category_id":"CRB3","model_year":2018,"list_price":899.99},{"product_id":"CRB215","product_name":"Electra Queen of Hearts 3i - 2018","brand_id":"BRD1","category_id":"CRB3","model_year":2018,"list_price":749.99},{"product_id":"CRB216","product_name":"Electra Super Moto 8i - 2018","brand_id":"BRD1","category_id":"CRB3","model_year":2018,"list_price":899.99},{"product_id":"CRB217","product_name":"Electra Straight 8 3i - 2018","brand_id":"BRD1","category_id":"CRB3","model_year":2018,"list_price":909.99},{"product_id":"CRB218","product_name":"Electra Cruiser 7D - 2016\/2017\/2018","brand_id":"BRD1","category_id":"CRB3","model_year":2018,"list_price":319.99},{"product_id":"CRB219","product_name":"Electra Moto 3i - 2018","brand_id":"BRD1","category_id":"CRB3","model_year":2018,"list_price":639.99},{"product_id":"CRB220","product_name":"Electra Cruiser 1 Ladies' - 2018","brand_id":"BRD1","category_id":"CRB3","model_year":2018,"list_price":269.99},{"product_id":"CRB221","product_name":"Electra Cruiser 7D Ladies' - 2016\/2018","brand_id":"BRD1","category_id":"CRB3","model_year":2018,"list_price":319.99},{"product_id":"CRB222","product_name":"Electra Cruiser 1 Tall - 2016\/2018","brand_id":"BRD1","category_id":"CRB3","model_year":2018,"list_price":269.99},{"product_id":"CRB223","product_name":"Electra Cruiser Lux 3i - 2018","brand_id":"BRD1","category_id":"CRB3","model_year":2018,"list_price":529.99},{"product_id":"CRB224","product_name":"Electra Cruiser Lux 7D - 2018","brand_id":"BRD1","category_id":"CRB3","model_year":2018,"list_price":479.99},{"product_id":"CRB225","product_name":"Electra Delivery 3i - 2016\/2017\/2018","brand_id":"BRD1","category_id":"CRB3","model_year":2018,"list_price":959.99},{"product_id":"CRB226","product_name":"Electra Townie Original 21D EQ - 2017\/2018","brand_id":"BRD1","category_id":"CRB3","model_year":2018,"list_price":679.99},{"product_id":"CRB227","product_name":"Electra Cruiser 7D (24-Inch) Ladies' - 2016\/2018","brand_id":"BRD1","category_id":"CRB3","model_year":2018,"list_price":319.99},{"product_id":"CRB228","product_name":"Electra Cruiser 7D Tall - 2016\/2018","brand_id":"BRD1","category_id":"CRB3","model_year":2018,"list_price":319.99},{"product_id":"CRB229","product_name":"Electra Cruiser Lux 1 - 2016\/2018","brand_id":"BRD1","category_id":"CRB3","model_year":2018,"list_price":429.99},{"product_id":"CRB230","product_name":"Electra Cruiser Lux 1 Ladies' - 2018","brand_id":"BRD1","category_id":"CRB3","model_year":2018,"list_price":429.99},{"product_id":"CRB231","product_name":"Electra Cruiser Lux 3i Ladies' - 2018","brand_id":"BRD1","category_id":"CRB3","model_year":2018,"list_price":529.99},{"product_id":"CRB232","product_name":"Electra Cruiser Lux 7D Ladies' - 2018","brand_id":"BRD1","category_id":"CRB3","model_year":2018,"list_price":479.99},{"product_id":"CRB233","product_name":"Electra Cruiser Lux Fat Tire 7D - 2018","brand_id":"BRD1","category_id":"CRB3","model_year":2018,"list_price":639.99},{"product_id":"CRB234","product_name":"Electra Daydreamer 3i Ladies' - 2018","brand_id":"BRD1","category_id":"CRB3","model_year":2018,"list_price":899.99},{"product_id":"CRB235","product_name":"Electra Koa 3i Ladies' - 2018","brand_id":"BRD1","category_id":"CRB3","model_year":2018,"list_price":899.99},{"product_id":"CRB236","product_name":"Electra Morningstar 3i Ladies' - 2018","brand_id":"BRD1","category_id":"CRB3","model_year":2018,"list_price":749.99},{"product_id":"CRB237","product_name":"Electra Relic 3i - 2018","brand_id":"BRD1","category_id":"CRB3","model_year":2018,"list_price":849.99},{"product_id":"CRB238","product_name":"Electra Townie Balloon 8D EQ - 2016\/2017\/2018","brand_id":"BRD1","category_id":"CRB3","model_year":2018,"list_price":749.99},{"product_id":"CRB239","product_name":"Electra Townie Balloon 8D EQ Ladies' - 2016\/2017\/2018","brand_id":"BRD1","category_id":"CRB3","model_year":2018,"list_price":749.99},{"product_id":"CRB240","product_name":"Electra Townie Commute 27D Ladies - 2018","brand_id":"BRD1","category_id":"CRB3","model_year":2018,"list_price":899.99},{"product_id":"CRB241","product_name":"Electra Townie Commute 8D - 2018","brand_id":"BRD1","category_id":"CRB3","model_year":2018,"list_price":749.99},{"product_id":"CRB242","product_name":"Electra Townie Commute 8D Ladies' - 2018","brand_id":"BRD1","category_id":"CRB3","model_year":2018,"list_price":699.99},{"product_id":"CRB243","product_name":"Electra Townie Original 21D EQ Ladies' - 2018","brand_id":"BRD1","category_id":"CRB3","model_year":2018,"list_price":679.99},{"product_id":"CRB244","product_name":"Electra Townie Original 21D Ladies' - 2018","brand_id":"BRD1","category_id":"CRB3","model_year":2018,"list_price":559.99},{"product_id":"CRB245","product_name":"Electra Townie Original 3i EQ - 2017\/2018","brand_id":"BRD1","category_id":"CRB3","model_year":2018,"list_price":659.99},{"product_id":"CRB246","product_name":"Electra Townie Original 3i EQ Ladies' - 2018","brand_id":"BRD1","category_id":"CRB3","model_year":2018,"list_price":639.99},{"product_id":"CRB247","product_name":"Electra Townie Original 7D EQ - 2018","brand_id":"BRD1","category_id":"CRB3","model_year":2018,"list_price":599.99},{"product_id":"CRB248","product_name":"Electra Townie Original 7D EQ Ladies' - 2017\/2018","brand_id":"BRD1","category_id":"CRB3","model_year":2018,"list_price":599.99},{"product_id":"CRB249","product_name":"Electra White Water 3i - 2018","brand_id":"BRD1","category_id":"CRB3","model_year":2018,"list_price":749.99},{"product_id":"CRB250","product_name":"Electra Townie Go! 8i - 2017\/2018","brand_id":"BRD1","category_id":"CRB3","model_year":2018,"list_price":2599.99},{"product_id":"CRB251","product_name":"Electra Townie Commute Go! - 2018","brand_id":"BRD1","category_id":"CRB3","model_year":2018,"list_price":2999.99},{"product_id":"CRB252","product_name":"Electra Townie Commute Go! Ladies' - 2018","brand_id":"BRD1","category_id":"CRB3","model_year":2018,"list_price":2999.99},{"product_id":"CRB253","product_name":"Electra Townie Go! 8i Ladies' - 2018","brand_id":"BRD1","category_id":"CRB3","model_year":2018,"list_price":2599.99},{"product_id":"CRB254","product_name":"Electra Townie Balloon 3i EQ - 2017\/2018","brand_id":"BRD1","category_id":"CRB3","model_year":2018,"list_price":749.99},{"product_id":"CRB255","product_name":"Electra Townie Balloon 7i EQ Ladies' - 2017\/2018","brand_id":"BRD1","category_id":"CRB3","model_year":2018,"list_price":899.99},{"product_id":"CRB256","product_name":"Electra Townie Commute 27D - 2018","brand_id":"BRD1","category_id":"CRB3","model_year":2018,"list_price":899.99},{"product_id":"CRB257","product_name":"Electra Amsterdam Fashion 3i Ladies' - 2017\/2018","brand_id":"BRD1","category_id":"CRB3","model_year":2018,"list_price":899.99},{"product_id":"CRB258","product_name":"Electra Amsterdam Royal 8i - 2017\/2018","brand_id":"BRD1","category_id":"CRB3","model_year":2018,"list_price":1259.90},{"product_id":"CRB259","product_name":"Electra Amsterdam Royal 8i Ladies - 2018","brand_id":"BRD1","category_id":"CRB3","model_year":2018,"list_price":1199.99},{"product_id":"CRB260","product_name":"Electra Townie Balloon 3i EQ Ladies' - 2018","brand_id":"BRD1","category_id":"CRB3","model_year":2018,"list_price":799.99},{"product_id":"CRB261","product_name":"Electra Townie Balloon 7i EQ - 2018","brand_id":"BRD1","category_id":"CRB3","model_year":2018,"list_price":899.99},{"product_id":"CRB64","product_name":"Electra Townie Original 7D - 2017","brand_id":"BRD1","category_id":"CRB3","model_year":2017,"list_price":489.99},{"product_id":"CRB65","product_name":"Sun Bicycles Lil Bolt Type-R - 2017","brand_id":"BRD7","category_id":"CRB3","model_year":2017,"list_price":346.99},{"product_id":"CRB66","product_name":"Sun Bicycles Revolutions 24 - 2017","brand_id":"BRD7","category_id":"CRB3","model_year":2017,"list_price":250.99},{"product_id":"CRB67","product_name":"Sun Bicycles Revolutions 24 - Girl's - 2017","brand_id":"BRD7","category_id":"CRB3","model_year":2017,"list_price":250.99},{"product_id":"CRB68","product_name":"Sun Bicycles Cruz 3 - 2017","brand_id":"BRD7","category_id":"CRB3","model_year":2017,"list_price":449.99},{"product_id":"CRB69","product_name":"Sun Bicycles Cruz 7 - 2017","brand_id":"BRD7","category_id":"CRB3","model_year":2017,"list_price":416.99},{"product_id":"CRB70","product_name":"Electra Amsterdam Original 3i - 2015\/2017","brand_id":"BRD1","category_id":"CRB3","model_year":2017,"list_price":659.99},{"product_id":"CRB71","product_name":"Sun Bicycles Atlas X-Type - 2017","brand_id":"BRD7","category_id":"CRB3","model_year":2017,"list_price":416.99},{"product_id":"CRB72","product_name":"Sun Bicycles Biscayne Tandem 7 - 2017","brand_id":"BRD7","category_id":"CRB3","model_year":2017,"list_price":619.99},{"product_id":"CRB73","product_name":"Sun Bicycles Brickell Tandem 7 - 2017","brand_id":"BRD7","category_id":"CRB3","model_year":2017,"list_price":749.99},{"product_id":"CRB74","product_name":"Electra Cruiser Lux 1 - 2017","brand_id":"BRD1","category_id":"CRB3","model_year":2017,"list_price":439.99},{"product_id":"CRB75","product_name":"Electra Cruiser Lux Fat Tire 1 Ladies - 2017","brand_id":"BRD1","category_id":"CRB3","model_year":2017,"list_price":599.99},{"product_id":"CRB76","product_name":"Electra Girl's Hawaii 1 16\" - 2017","brand_id":"BRD1","category_id":"CRB3","model_year":2017,"list_price":299.99},{"product_id":"CRB77","product_name":"Electra Glam Punk 3i Ladies' - 2017","brand_id":"BRD1","category_id":"CRB3","model_year":2017,"list_price":799.99},{"product_id":"CRB78","product_name":"Sun Bicycles Biscayne Tandem CB - 2017","brand_id":"BRD7","category_id":"CRB3","model_year":2017,"list_price":647.99},{"product_id":"CRB79","product_name":"Sun Bicycles Boardwalk (24-inch Wheels) - 2017","brand_id":"BRD7","category_id":"CRB3","model_year":2017,"list_price":402.99},{"product_id":"CRB80","product_name":"Sun Bicycles Brickell Tandem CB - 2017","brand_id":"BRD7","category_id":"CRB3","model_year":2017,"list_price":761.99},{"product_id":"CRB81","product_name":"Electra Amsterdam Fashion 7i Ladies' - 2017","brand_id":"BRD1","category_id":"CRB3","model_year":2017,"list_price":1099.99},{"product_id":"CRB82","product_name":"Electra Amsterdam Original 3i Ladies' - 2017","brand_id":"BRD1","category_id":"CRB3","model_year":2017,"list_price":659.99},{"product_id":"CYB10","product_name":"Surly Straggler - 2016","brand_id":"BRD8","category_id":"CYB4","model_year":2016,"list_price":1549.00},{"product_id":"CYB11","product_name":"Surly Straggler 650b - 2016","brand_id":"BRD8","category_id":"CYB4","model_year":2016,"list_price":1680.99},{"product_id":"CYB206","product_name":"Trek Boone 5 Disc - 2018","brand_id":"BRD9","category_id":"CYB4","model_year":2018,"list_price":3299.99},{"product_id":"CYB207","product_name":"Trek Boone 7 Disc - 2018","brand_id":"BRD9","category_id":"CYB4","model_year":2018,"list_price":3999.99},{"product_id":"CYB208","product_name":"Trek Crockett 5 Disc - 2018","brand_id":"BRD9","category_id":"CYB4","model_year":2018,"list_price":1799.99},{"product_id":"CYB209","product_name":"Trek Crockett 7 Disc - 2018","brand_id":"BRD9","category_id":"CYB4","model_year":2018,"list_price":2999.99},{"product_id":"CYB210","product_name":"Surly Straggler - 2018","brand_id":"BRD8","category_id":"CYB4","model_year":2018,"list_price":1549.00},{"product_id":"CYB211","product_name":"Surly Straggler 650b - 2018","brand_id":"BRD8","category_id":"CYB4","model_year":2018,"list_price":1549.00},{"product_id":"CYB62","product_name":"Trek Boone 7 - 2017","brand_id":"BRD9","category_id":"CYB4","model_year":2017,"list_price":3499.99},{"product_id":"CYB63","product_name":"Trek Boone Race Shop Limited - 2017","brand_id":"BRD9","category_id":"CYB4","model_year":2017,"list_price":3499.99},{"product_id":"ELB185","product_name":"Trek Conduit+ - 2018","brand_id":"BRD9","category_id":"ELB5","model_year":2018,"list_price":2799.99},{"product_id":"ELB186","product_name":"Trek CrossRip+ - 2018","brand_id":"BRD9","category_id":"ELB5","model_year":2018,"list_price":4499.99},{"product_id":"ELB187","product_name":"Trek Neko+ - 2018","brand_id":"BRD9","category_id":"ELB5","model_year":2018,"list_price":2799.99},{"product_id":"ELB188","product_name":"Trek XM700+ Lowstep - 2018","brand_id":"BRD9","category_id":"ELB5","model_year":2018,"list_price":3499.99},{"product_id":"ELB189","product_name":"Trek Lift+ Lowstep - 2018","brand_id":"BRD9","category_id":"ELB5","model_year":2018,"list_price":2799.99},{"product_id":"ELB190","product_name":"Trek Dual Sport+ - 2018","brand_id":"BRD9","category_id":"ELB5","model_year":2018,"list_price":2799.99},{"product_id":"ELB191","product_name":"Electra Loft Go! 8i - 2018","brand_id":"BRD1","category_id":"ELB5","model_year":2018,"list_price":2799.99},{"product_id":"ELB192","product_name":"Electra Townie Go! 8i - 2017\/2018","brand_id":"BRD1","category_id":"ELB5","model_year":2018,"list_price":2599.99},{"product_id":"ELB193","product_name":"Trek Lift+ - 2018","brand_id":"BRD9","category_id":"ELB5","model_year":2018,"list_price":2799.99},{"product_id":"ELB194","product_name":"Trek XM700+ - 2018","brand_id":"BRD9","category_id":"ELB5","model_year":2018,"list_price":3499.99},{"product_id":"ELB195","product_name":"Electra Townie Go! 8i Ladies' - 2018","brand_id":"BRD1","category_id":"ELB5","model_year":2018,"list_price":2599.99},{"product_id":"ELB196","product_name":"Trek Verve+ - 2018","brand_id":"BRD9","category_id":"ELB5","model_year":2018,"list_price":2299.99},{"product_id":"ELB197","product_name":"Trek Verve+ Lowstep - 2018","brand_id":"BRD9","category_id":"ELB5","model_year":2018,"list_price":2299.99},{"product_id":"ELB198","product_name":"Electra Townie Commute Go! - 2018","brand_id":"BRD1","category_id":"ELB5","model_year":2018,"list_price":2999.99},{"product_id":"ELB199","product_name":"Electra Townie Commute Go! Ladies' - 2018","brand_id":"BRD1","category_id":"ELB5","model_year":2018,"list_price":2999.99},{"product_id":"ELB200","product_name":"Trek Powerfly 5 - 2018","brand_id":"BRD9","category_id":"ELB5","model_year":2018,"list_price":3499.99},{"product_id":"ELB201","product_name":"Trek Powerfly 5 FS - 2018","brand_id":"BRD9","category_id":"ELB5","model_year":2018,"list_price":4499.99},{"product_id":"ELB202","product_name":"Trek Powerfly 5 Women's - 2018","brand_id":"BRD9","category_id":"ELB5","model_year":2018,"list_price":3499.99},{"product_id":"ELB203","product_name":"Trek Powerfly 7 FS - 2018","brand_id":"BRD9","category_id":"ELB5","model_year":2018,"list_price":4999.99},{"product_id":"ELB204","product_name":"Trek Super Commuter+ 7 - 2018","brand_id":"BRD9","category_id":"ELB5","model_year":2018,"list_price":3599.99},{"product_id":"ELB205","product_name":"Trek Super Commuter+ 8S - 2018","brand_id":"BRD9","category_id":"ELB5","model_year":2018,"list_price":4999.99},{"product_id":"ELB60","product_name":"Sun Bicycles ElectroLite - 2017","brand_id":"BRD7","category_id":"ELB5","model_year":2017,"list_price":1559.99},{"product_id":"ELB61","product_name":"Trek Powerfly 8 FS Plus - 2017","brand_id":"BRD9","category_id":"ELB5","model_year":2017,"list_price":4999.99},{"product_id":"ELB9","product_name":"Trek Conduit+ - 2016","brand_id":"BRD9","category_id":"ELB5","model_year":2016,"list_price":2999.99},{"product_id":"MOB1","product_name":"Trek 820 - 2016","brand_id":"BRD9","category_id":"MOB6","model_year":2016,"list_price":379.99},{"product_id":"MOB112","product_name":"Trek 820 - 2018","brand_id":"BRD9","category_id":"MOB6","model_year":2018,"list_price":379.99},{"product_id":"MOB113","product_name":"Trek Marlin 5 - 2018","brand_id":"BRD9","category_id":"MOB6","model_year":2018,"list_price":489.99},{"product_id":"MOB114","product_name":"Trek Marlin 6 - 2018","brand_id":"BRD9","category_id":"MOB6","model_year":2018,"list_price":579.99},{"product_id":"MOB115","product_name":"Trek Fuel EX 8 29 - 2018","brand_id":"BRD9","category_id":"MOB6","model_year":2018,"list_price":3199.99},{"product_id":"MOB116","product_name":"Trek Marlin 7 - 2017\/2018","brand_id":"BRD9","category_id":"MOB6","model_year":2018,"list_price":749.99},{"product_id":"MOB117","product_name":"Trek Ticket S Frame - 2018","brand_id":"BRD9","category_id":"MOB6","model_year":2018,"list_price":1469.99},{"product_id":"MOB118","product_name":"Trek X-Caliber 8 - 2018","brand_id":"BRD9","category_id":"MOB6","model_year":2018,"list_price":999.99},{"product_id":"MOB119","product_name":"Trek Kids' Neko - 2018","brand_id":"BRD9","category_id":"MOB6","model_year":2018,"list_price":469.99},{"product_id":"MOB120","product_name":"Trek Fuel EX 7 29 - 2018","brand_id":"BRD9","category_id":"MOB6","model_year":2018,"list_price":2499.99},{"product_id":"MOB121","product_name":"Surly Krampus Frameset - 2018","brand_id":"BRD8","category_id":"MOB6","model_year":2018,"list_price":2499.99},{"product_id":"MOB122","product_name":"Surly Troll Frameset - 2018","brand_id":"BRD8","category_id":"MOB6","model_year":2018,"list_price":2499.99},{"product_id":"MOB123","product_name":"Trek Farley Carbon Frameset - 2018","brand_id":"BRD9","category_id":"MOB6","model_year":2018,"list_price":999.99},{"product_id":"MOB124","product_name":"Surly Krampus - 2018","brand_id":"BRD8","category_id":"MOB6","model_year":2018,"list_price":1499.00},{"product_id":"MOB125","product_name":"Trek Kids' Dual Sport - 2018","brand_id":"BRD9","category_id":"MOB6","model_year":2018,"list_price":469.99},{"product_id":"MOB126","product_name":"Surly Big Fat Dummy Frameset - 2018","brand_id":"BRD8","category_id":"MOB6","model_year":2018,"list_price":469.99},{"product_id":"MOB127","product_name":"Surly Pack Rat Frameset - 2018","brand_id":"BRD8","category_id":"MOB6","model_year":2018,"list_price":469.99},{"product_id":"MOB128","product_name":"Surly ECR 27.5 - 2018","brand_id":"BRD8","category_id":"MOB6","model_year":2018,"list_price":1899.00},{"product_id":"MOB129","product_name":"Trek X-Caliber 7 - 2018","brand_id":"BRD9","category_id":"MOB6","model_year":2018,"list_price":919.99},{"product_id":"MOB130","product_name":"Trek Stache Carbon Frameset - 2018","brand_id":"BRD9","category_id":"MOB6","model_year":2018,"list_price":919.99},{"product_id":"MOB131","product_name":"Heller Bloodhound Trail - 2018","brand_id":"BRD3","category_id":"MOB6","model_year":2018,"list_price":2599.00},{"product_id":"MOB132","product_name":"Trek Procal AL Frameset - 2018","brand_id":"BRD9","category_id":"MOB6","model_year":2018,"list_price":1499.99},{"product_id":"MOB133","product_name":"Trek Procaliber Frameset - 2018","brand_id":"BRD9","category_id":"MOB6","model_year":2018,"list_price":1499.99},{"product_id":"MOB134","product_name":"Trek Remedy 27.5 C Frameset - 2018","brand_id":"BRD9","category_id":"MOB6","model_year":2018,"list_price":1499.99},{"product_id":"MOB135","product_name":"Trek X-Caliber Frameset - 2018","brand_id":"BRD9","category_id":"MOB6","model_year":2018,"list_price":1499.99},{"product_id":"MOB136","product_name":"Trek Procaliber 6 - 2018","brand_id":"BRD9","category_id":"MOB6","model_year":2018,"list_price":1799.99},{"product_id":"MOB137","product_name":"Heller Shagamaw GX1 - 2018","brand_id":"BRD3","category_id":"MOB6","model_year":2018,"list_price":2599.00},{"product_id":"MOB138","product_name":"Trek Fuel EX 5 Plus - 2018","brand_id":"BRD9","category_id":"MOB6","model_year":2018,"list_price":2249.99},{"product_id":"MOB139","product_name":"Trek Remedy 7 27.5 - 2018","brand_id":"BRD9","category_id":"MOB6","model_year":2018,"list_price":2999.99},{"product_id":"MOB140","product_name":"Trek Remedy 9.8 27.5 - 2018","brand_id":"BRD9","category_id":"MOB6","model_year":2018,"list_price":4999.99},{"product_id":"MOB141","product_name":"Trek Stache 5 - 2018","brand_id":"BRD9","category_id":"MOB6","model_year":2018,"list_price":1599.99},{"product_id":"MOB142","product_name":"Trek Fuel EX 8 29 XT - 2018","brand_id":"BRD9","category_id":"MOB6","model_year":2018,"list_price":3199.99},{"product_id":"MOB2","product_name":"Ritchey Timberwolf Frameset - 2016","brand_id":"BRD5","category_id":"MOB6","model_year":2016,"list_price":749.99},{"product_id":"MOB27","product_name":"Surly Big Dummy Frameset - 2017","brand_id":"BRD8","category_id":"MOB6","model_year":2017,"list_price":999.99},{"product_id":"MOB28","product_name":"Surly Karate Monkey 27.5+ Frameset - 2017","brand_id":"BRD8","category_id":"MOB6","model_year":2017,"list_price":2499.99},{"product_id":"MOB29","product_name":"Trek X-Caliber 8 - 2017","brand_id":"BRD9","category_id":"MOB6","model_year":2017,"list_price":999.99},{"product_id":"MOB3","product_name":"Surly Wednesday Frameset - 2016","brand_id":"BRD8","category_id":"MOB6","model_year":2016,"list_price":999.99},{"product_id":"MOB30","product_name":"Surly Ice Cream Truck Frameset - 2017","brand_id":"BRD8","category_id":"MOB6","model_year":2017,"list_price":999.99},{"product_id":"MOB31","product_name":"Surly Wednesday - 2017","brand_id":"BRD8","category_id":"MOB6","model_year":2017,"list_price":1632.99},{"product_id":"MOB32","product_name":"Trek Farley Alloy Frameset - 2017","brand_id":"BRD9","category_id":"MOB6","model_year":2017,"list_price":469.99},{"product_id":"MOB33","product_name":"Surly Wednesday Frameset - 2017","brand_id":"BRD8","category_id":"MOB6","model_year":2017,"list_price":469.99},{"product_id":"MOB34","product_name":"Trek Session DH 27.5 Carbon Frameset - 2017","brand_id":"BRD9","category_id":"MOB6","model_year":2017,"list_price":469.99},{"product_id":"MOB35","product_name":"Sun Bicycles Spider 3i - 2017","brand_id":"BRD7","category_id":"MOB6","model_year":2017,"list_price":832.99},{"product_id":"MOB36","product_name":"Surly Troll Frameset - 2017","brand_id":"BRD8","category_id":"MOB6","model_year":2017,"list_price":832.99},{"product_id":"MOB37","product_name":"Haro Flightline One ST - 2017","brand_id":"BRD2","category_id":"MOB6","model_year":2017,"list_price":379.99},{"product_id":"MOB38","product_name":"Haro Flightline Two 26 Plus - 2017","brand_id":"BRD2","category_id":"MOB6","model_year":2017,"list_price":549.99},{"product_id":"MOB39","product_name":"Trek Stache 5 - 2017","brand_id":"BRD9","category_id":"MOB6","model_year":2017,"list_price":1499.99},{"product_id":"MOB4","product_name":"Trek Fuel EX 8 29 - 2016","brand_id":"BRD9","category_id":"MOB6","model_year":2016,"list_price":2899.99},{"product_id":"MOB40","product_name":"Trek Fuel EX 9.8 29 - 2017","brand_id":"BRD9","category_id":"MOB6","model_year":2017,"list_price":4999.99},{"product_id":"MOB41","product_name":"Haro Shift R3 - 2017","brand_id":"BRD2","category_id":"MOB6","model_year":2017,"list_price":1469.99},{"product_id":"MOB42","product_name":"Trek Fuel EX 5 27.5 Plus - 2017","brand_id":"BRD9","category_id":"MOB6","model_year":2017,"list_price":2299.99},{"product_id":"MOB43","product_name":"Trek Fuel EX 9.8 27.5 Plus - 2017","brand_id":"BRD9","category_id":"MOB6","model_year":2017,"list_price":5299.99},{"product_id":"MOB44","product_name":"Haro SR 1.1 - 2017","brand_id":"BRD2","category_id":"MOB6","model_year":2017,"list_price":539.99},{"product_id":"MOB45","product_name":"Haro SR 1.2 - 2017","brand_id":"BRD2","category_id":"MOB6","model_year":2017,"list_price":869.99},{"product_id":"MOB46","product_name":"Haro SR 1.3 - 2017","brand_id":"BRD2","category_id":"MOB6","model_year":2017,"list_price":1409.99},{"product_id":"MOB47","product_name":"Trek Remedy 9.8 - 2017","brand_id":"BRD9","category_id":"MOB6","model_year":2017,"list_price":5299.99},{"product_id":"MOB5","product_name":"Heller Shagamaw Frame - 2016","brand_id":"BRD3","category_id":"MOB6","model_year":2016,"list_price":1320.99},{"product_id":"MOB6","product_name":"Surly Ice Cream Truck Frameset - 2016","brand_id":"BRD8","category_id":"MOB6","model_year":2016,"list_price":469.99},{"product_id":"MOB7","product_name":"Trek Slash 8 27.5 - 2016","brand_id":"BRD9","category_id":"MOB6","model_year":2016,"list_price":3999.99},{"product_id":"MOB8","product_name":"Trek Remedy 29 Carbon Frameset - 2016","brand_id":"BRD9","category_id":"MOB6","model_year":2016,"list_price":1799.99},{"product_id":"RDB143","product_name":"Trek Domane ALR 3 - 2018","brand_id":"BRD9","category_id":"RDB7","model_year":2018,"list_price":1099.99},{"product_id":"RDB144","product_name":"Trek Domane ALR 4 Disc - 2018","brand_id":"BRD9","category_id":"RDB7","model_year":2018,"list_price":1549.99},{"product_id":"RDB145","product_name":"Trek Domane ALR 5 Disc - 2018","brand_id":"BRD9","category_id":"RDB7","model_year":2018,"list_price":1799.99},{"product_id":"RDB146","product_name":"Trek Domane SLR 6 - 2018","brand_id":"BRD9","category_id":"RDB7","model_year":2018,"list_price":4999.99},{"product_id":"RDB147","product_name":"Trek Domane ALR 5 Gravel - 2018","brand_id":"BRD9","category_id":"RDB7","model_year":2018,"list_price":1799.99},{"product_id":"RDB148","product_name":"Trek Domane SL 8 Disc - 2018","brand_id":"BRD9","category_id":"RDB7","model_year":2018,"list_price":5499.99},{"product_id":"RDB149","product_name":"Trek Domane SLR 8 Disc - 2018","brand_id":"BRD9","category_id":"RDB7","model_year":2018,"list_price":7499.99},{"product_id":"RDB150","product_name":"Trek Emonda SL 7 - 2018","brand_id":"BRD9","category_id":"RDB7","model_year":2018,"list_price":4499.99},{"product_id":"RDB151","product_name":"Trek Domane ALR 4 Disc Women's - 2018","brand_id":"BRD9","category_id":"RDB7","model_year":2018,"list_price":1549.99},{"product_id":"RDB152","product_name":"Trek Domane SL 5 Disc Women's - 2018","brand_id":"BRD9","category_id":"RDB7","model_year":2018,"list_price":2499.99},{"product_id":"RDB153","product_name":"Trek Domane SL 7 Women's - 2018","brand_id":"BRD9","category_id":"RDB7","model_year":2018,"list_price":4999.99},{"product_id":"RDB154","product_name":"Trek Domane SLR 6 Disc Women's - 2018","brand_id":"BRD9","category_id":"RDB7","model_year":2018,"list_price":5499.99},{"product_id":"RDB155","product_name":"Trek Domane SLR 9 Disc - 2018","brand_id":"BRD9","category_id":"RDB7","model_year":2018,"list_price":11999.99},{"product_id":"RDB156","product_name":"Trek Domane SL Frameset - 2018","brand_id":"BRD9","category_id":"RDB7","model_year":2018,"list_price":6499.99},{"product_id":"RDB157","product_name":"Trek Domane SL Frameset Women's - 2018","brand_id":"BRD9","category_id":"RDB7","model_year":2018,"list_price":6499.99},{"product_id":"RDB158","product_name":"Trek CrossRip 1 - 2018","brand_id":"BRD9","category_id":"RDB7","model_year":2018,"list_price":959.99},{"product_id":"RDB159","product_name":"Trek Emonda ALR 6 - 2018","brand_id":"BRD9","category_id":"RDB7","model_year":2018,"list_price":2299.99},{"product_id":"RDB160","product_name":"Trek Emonda SLR 6 - 2018","brand_id":"BRD9","category_id":"RDB7","model_year":2018,"list_price":4499.99},{"product_id":"RDB161","product_name":"Surly ECR - 2018","brand_id":"BRD8","category_id":"RDB7","model_year":2018,"list_price":1899.00},{"product_id":"RDB162","product_name":"Trek Emonda SL 6 Disc - 2018","brand_id":"BRD9","category_id":"RDB7","model_year":2018,"list_price":2999.99},{"product_id":"RDB163","product_name":"Surly Pack Rat - 2018","brand_id":"BRD8","category_id":"RDB7","model_year":2018,"list_price":1349.00},{"product_id":"RDB164","product_name":"Surly Straggler 650b - 2018","brand_id":"BRD8","category_id":"RDB7","model_year":2018,"list_price":1549.00},{"product_id":"RDB165","product_name":"Trek 1120 - 2018","brand_id":"BRD9","category_id":"RDB7","model_year":2018,"list_price":2499.99},{"product_id":"RDB166","product_name":"Trek Domane AL 2 Women's - 2018","brand_id":"BRD9","category_id":"RDB7","model_year":2018,"list_price":749.99},{"product_id":"RDB167","product_name":"Surly ECR Frameset - 2018","brand_id":"BRD8","category_id":"RDB7","model_year":2018,"list_price":749.99},{"product_id":"RDB168","product_name":"Surly Straggler - 2018","brand_id":"BRD8","category_id":"RDB7","model_year":2018,"list_price":1549.00},{"product_id":"RDB169","product_name":"Trek Emonda SLR 8 - 2018","brand_id":"BRD9","category_id":"RDB7","model_year":2018,"list_price":6499.99},{"product_id":"RDB170","product_name":"Trek CrossRip 2 - 2018","brand_id":"BRD9","category_id":"RDB7","model_year":2018,"list_price":1299.99},{"product_id":"RDB171","product_name":"Trek Domane SL 6 - 2018","brand_id":"BRD9","category_id":"RDB7","model_year":2018,"list_price":3199.99},{"product_id":"RDB172","product_name":"Trek Domane ALR Disc Frameset - 2018","brand_id":"BRD9","category_id":"RDB7","model_year":2018,"list_price":3199.99},{"product_id":"RDB173","product_name":"Trek Domane ALR Frameset - 2018","brand_id":"BRD9","category_id":"RDB7","model_year":2018,"list_price":3199.99},{"product_id":"RDB174","product_name":"Trek Domane SLR Disc Frameset - 2018","brand_id":"BRD9","category_id":"RDB7","model_year":2018,"list_price":3199.99},{"product_id":"RDB175","product_name":"Trek Domane SLR Frameset - 2018","brand_id":"BRD9","category_id":"RDB7","model_year":2018,"list_price":3199.99},{"product_id":"RDB176","product_name":"Trek Madone 9 Frameset - 2018","brand_id":"BRD9","category_id":"RDB7","model_year":2018,"list_price":3199.99},{"product_id":"RDB177","product_name":"Trek Domane SLR 6 Disc - 2018","brand_id":"BRD9","category_id":"RDB7","model_year":2018,"list_price":5499.99},{"product_id":"RDB178","product_name":"Trek Domane AL 2 - 2018","brand_id":"BRD9","category_id":"RDB7","model_year":2018,"list_price":749.99},{"product_id":"RDB179","product_name":"Trek Domane AL 3 - 2018","brand_id":"BRD9","category_id":"RDB7","model_year":2018,"list_price":919.99},{"product_id":"RDB180","product_name":"Trek Domane AL 3 Women's - 2018","brand_id":"BRD9","category_id":"RDB7","model_year":2018,"list_price":919.99},{"product_id":"RDB181","product_name":"Trek Domane SL 5 - 2018","brand_id":"BRD9","category_id":"RDB7","model_year":2018,"list_price":2199.99},{"product_id":"RDB182","product_name":"Trek Domane SL 5 Disc - 2018","brand_id":"BRD9","category_id":"RDB7","model_year":2018,"list_price":2499.99},{"product_id":"RDB183","product_name":"Trek Domane SL 5 Women's - 2018","brand_id":"BRD9","category_id":"RDB7","model_year":2018,"list_price":2199.99},{"product_id":"RDB184","product_name":"Trek Domane SL 6 Disc - 2018","brand_id":"BRD9","category_id":"RDB7","model_year":2018,"list_price":3499.99},{"product_id":"RDB316","product_name":"Trek Checkpoint ALR 4 Women's - 2019","brand_id":"BRD9","category_id":"RDB7","model_year":2019,"list_price":1699.99},{"product_id":"RDB317","product_name":"Trek Checkpoint ALR 5 - 2019","brand_id":"BRD9","category_id":"RDB7","model_year":2019,"list_price":1999.99},{"product_id":"RDB318","product_name":"Trek Checkpoint ALR 5 Women's - 2019","brand_id":"BRD9","category_id":"RDB7","model_year":2019,"list_price":1999.99},{"product_id":"RDB319","product_name":"Trek Checkpoint SL 5 Women's - 2019","brand_id":"BRD9","category_id":"RDB7","model_year":2019,"list_price":2799.99},{"product_id":"RDB320","product_name":"Trek Checkpoint SL 6 - 2019","brand_id":"BRD9","category_id":"RDB7","model_year":2019,"list_price":3799.99},{"product_id":"RDB321","product_name":"Trek Checkpoint ALR Frameset - 2019","brand_id":"BRD9","category_id":"RDB7","model_year":2019,"list_price":3199.99},{"product_id":"RDB48","product_name":"Trek Emonda S 4 - 2017","brand_id":"BRD9","category_id":"RDB7","model_year":2017,"list_price":1499.99},{"product_id":"RDB49","product_name":"Trek Domane SL 6 - 2017","brand_id":"BRD9","category_id":"RDB7","model_year":2017,"list_price":3499.99},{"product_id":"RDB50","product_name":"Trek Silque SLR 7 Women's - 2017","brand_id":"BRD9","category_id":"RDB7","model_year":2017,"list_price":5999.99},{"product_id":"RDB51","product_name":"Trek Silque SLR 8 Women's - 2017","brand_id":"BRD9","category_id":"RDB7","model_year":2017,"list_price":6499.99},{"product_id":"RDB52","product_name":"Surly Steamroller - 2017","brand_id":"BRD8","category_id":"RDB7","model_year":2017,"list_price":875.99},{"product_id":"RDB53","product_name":"Surly Ogre Frameset - 2017","brand_id":"BRD8","category_id":"RDB7","model_year":2017,"list_price":749.99},{"product_id":"RDB54","product_name":"Trek Domane SL Disc Frameset - 2017","brand_id":"BRD9","category_id":"RDB7","model_year":2017,"list_price":3199.99},{"product_id":"RDB55","product_name":"Trek Domane S 6 - 2017","brand_id":"BRD9","category_id":"RDB7","model_year":2017,"list_price":2699.99},{"product_id":"RDB56","product_name":"Trek Domane SLR 6 Disc - 2017","brand_id":"BRD9","category_id":"RDB7","model_year":2017,"list_price":5499.99},{"product_id":"RDB57","product_name":"Trek Emonda S 5 - 2017","brand_id":"BRD9","category_id":"RDB7","model_year":2017,"list_price":1999.99},{"product_id":"RDB58","product_name":"Trek Madone 9.2 - 2017","brand_id":"BRD9","category_id":"RDB7","model_year":2017,"list_price":4999.99},{"product_id":"RDB59","product_name":"Trek Domane S 5 Disc - 2017","brand_id":"BRD9","category_id":"RDB7","model_year":2017,"list_price":2599.99}]